Datum;Tijd;Parameter;Locatie;Waarde;Verwachting;Eenheid;Windrichting;Windrichting eenheid;Bemonsteringshoogte;Referentievlak;
25-5-2023;22:30:00;Windsnelheid Lucht t.o.v. Mean Sea Level in m/s;IJmuiden Buitenhaven;6.18;;m/s;30.20;graden;-999999999;NVT;
25-5-2023;22:40:00;Windsnelheid Lucht t.o.v. Mean Sea Level in m/s;IJmuiden Buitenhaven;6.47;;m/s;30.80;graden;-999999999;NVT;
25-5-2023;22:50:00;Windsnelheid Lucht t.o.v. Mean Sea Level in m/s;IJmuiden Buitenhaven;6.29;;m/s;31.60;graden;-999999999;NVT;
25-5-2023;23:00:00;Windsnelheid Lucht t.o.v. Mean Sea Level in m/s;IJmuiden Buitenhaven;6.53;;m/s;34.40;graden;-999999999;NVT;
25-5-2023;23:10:00;Windsnelheid Lucht t.o.v. Mean Sea Level in m/s;IJmuiden Buitenhaven;6.12;;m/s;34.60;graden;-999999999;NVT;
25-5-2023;23:20:00;Windsnelheid Lucht t.o.v. Mean Sea Level in m/s;IJmuiden Buitenhaven;5.52;;m/s;29.90;graden;-999999999;NVT;
25-5-2023;23:30:00;Windsnelheid Lucht t.o.v. Mean Sea Level in m/s;IJmuiden Buitenhaven;5.98;;m/s;27.80;graden;-999999999;NVT;
25-5-2023;23:40:00;Windsnelheid Lucht t.o.v. Mean Sea Level in m/s;IJmuiden Buitenhaven;5.67;;m/s;28.80;graden;-999999999;NVT;
25-5-2023;23:50:00;Windsnelheid Lucht t.o.v. Mean Sea Level in m/s;IJmuiden Buitenhaven;5.46;;m/s;30.80;graden;-999999999;NVT;
26-5-2023;00:00:00;Windsnelheid Lucht t.o.v. Mean Sea Level in m/s;IJmuiden Buitenhaven;5.13;;m/s;35.50;graden;-999999999;NVT;
26-5-2023;00:10:00;Windsnelheid Lucht t.o.v. Mean Sea Level in m/s;IJmuiden Buitenhaven;5.52;;m/s;37.60;graden;-999999999;NVT;
26-5-2023;00:20:00;Windsnelheid Lucht t.o.v. Mean Sea Level in m/s;IJmuiden Buitenhaven;5.73;;m/s;40.80;graden;-999999999;NVT;
26-5-2023;00:30:00;Windsnelheid Lucht t.o.v. Mean Sea Level in m/s;IJmuiden Buitenhaven;6.66;;m/s;43.20;graden;-999999999;NVT;
26-5-2023;00:40:00;Windsnelheid Lucht t.o.v. Mean Sea Level in m/s;IJmuiden Buitenhaven;6.06;;m/s;45.80;graden;-999999999;NVT;
26-5-2023;00:50:00;Windsnelheid Lucht t.o.v. Mean Sea Level in m/s;IJmuiden Buitenhaven;5.89;;m/s;43.80;graden;-999999999;NVT;
26-5-2023;01:00:00;Windsnelheid Lucht t.o.v. Mean Sea Level in m/s;IJmuiden Buitenhaven;5.83;;m/s;40.80;graden;-999999999;NVT;
26-5-2023;01:10:00;Windsnelheid Lucht t.o.v. Mean Sea Level in m/s;IJmuiden Buitenhaven;5.96;;m/s;40.10;graden;-999999999;NVT;
26-5-2023;01:20:00;Windsnelheid Lucht t.o.v. Mean Sea Level in m/s;IJmuiden Buitenhaven;5.81;;m/s;42.60;graden;-999999999;NVT;
26-5-2023;01:30:00;Windsnelheid Lucht t.o.v. Mean Sea Level in m/s;IJmuiden Buitenhaven;5.85;;m/s;43.00;graden;-999999999;NVT;
26-5-2023;01:40:00;Windsnelheid Lucht t.o.v. Mean Sea Level in m/s;IJmuiden Buitenhaven;5.69;;m/s;46.20;graden;-999999999;NVT;
26-5-2023;01:50:00;Windsnelheid Lucht t.o.v. Mean Sea Level in m/s;IJmuiden Buitenhaven;5.58;;m/s;47.90;graden;-999999999;NVT;
26-5-2023;02:00:00;Windsnelheid Lucht t.o.v. Mean Sea Level in m/s;IJmuiden Buitenhaven;5.46;;m/s;50.60;graden;-999999999;NVT;
26-5-2023;02:10:00;Windsnelheid Lucht t.o.v. Mean Sea Level in m/s;IJmuiden Buitenhaven;6.12;;m/s;53.30;graden;-999999999;NVT;
26-5-2023;02:20:00;Windsnelheid Lucht t.o.v. Mean Sea Level in m/s;IJmuiden Buitenhaven;6.47;;m/s;55.90;graden;-999999999;NVT;
26-5-2023;02:30:00;Windsnelheid Lucht t.o.v. Mean Sea Level in m/s;IJmuiden Buitenhaven;6.88;;m/s;56.70;graden;-999999999;NVT;
26-5-2023;02:40:00;Windsnelheid Lucht t.o.v. Mean Sea Level in m/s;IJmuiden Buitenhaven;5.15;;m/s;50.50;graden;-999999999;NVT;
26-5-2023;02:50:00;Windsnelheid Lucht t.o.v. Mean Sea Level in m/s;IJmuiden Buitenhaven;6.12;;m/s;54.20;graden;-999999999;NVT;
26-5-2023;03:00:00;Windsnelheid Lucht t.o.v. Mean Sea Level in m/s;IJmuiden Buitenhaven;6.18;;m/s;57.90;graden;-999999999;NVT;
26-5-2023;03:10:00;Windsnelheid Lucht t.o.v. Mean Sea Level in m/s;IJmuiden Buitenhaven;5.34;;m/s;46.10;graden;-999999999;NVT;
26-5-2023;03:20:00;Windsnelheid Lucht t.o.v. Mean Sea Level in m/s;IJmuiden Buitenhaven;5.21;;m/s;40.50;graden;-999999999;NVT;
26-5-2023;03:30:00;Windsnelheid Lucht t.o.v. Mean Sea Level in m/s;IJmuiden Buitenhaven;5.48;;m/s;38.50;graden;-999999999;NVT;
26-5-2023;03:40:00;Windsnelheid Lucht t.o.v. Mean Sea Level in m/s;IJmuiden Buitenhaven;5.77;;m/s;41.30;graden;-999999999;NVT;
26-5-2023;03:50:00;Windsnelheid Lucht t.o.v. Mean Sea Level in m/s;IJmuiden Buitenhaven;5.79;;m/s;41.90;graden;-999999999;NVT;
26-5-2023;04:00:00;Windsnelheid Lucht t.o.v. Mean Sea Level in m/s;IJmuiden Buitenhaven;5.42;;m/s;42.40;graden;-999999999;NVT;
26-5-2023;04:10:00;Windsnelheid Lucht t.o.v. Mean Sea Level in m/s;IJmuiden Buitenhaven;5.23;;m/s;45.50;graden;-999999999;NVT;
26-5-2023;04:20:00;Windsnelheid Lucht t.o.v. Mean Sea Level in m/s;IJmuiden Buitenhaven;5.32;;m/s;46.40;graden;-999999999;NVT;
26-5-2023;04:30:00;Windsnelheid Lucht t.o.v. Mean Sea Level in m/s;IJmuiden Buitenhaven;5.38;;m/s;49.30;graden;-999999999;NVT;
26-5-2023;04:40:00;Windsnelheid Lucht t.o.v. Mean Sea Level in m/s;IJmuiden Buitenhaven;5.15;;m/s;47.70;graden;-999999999;NVT;
26-5-2023;04:50:00;Windsnelheid Lucht t.o.v. Mean Sea Level in m/s;IJmuiden Buitenhaven;5.50;;m/s;49.30;graden;-999999999;NVT;
26-5-2023;05:00:00;Windsnelheid Lucht t.o.v. Mean Sea Level in m/s;IJmuiden Buitenhaven;6.02;;m/s;53.10;graden;-999999999;NVT;
26-5-2023;05:10:00;Windsnelheid Lucht t.o.v. Mean Sea Level in m/s;IJmuiden Buitenhaven;6.66;;m/s;56.30;graden;-999999999;NVT;
26-5-2023;05:20:00;Windsnelheid Lucht t.o.v. Mean Sea Level in m/s;IJmuiden Buitenhaven;7.11;;m/s;57.40;graden;-999999999;NVT;
26-5-2023;05:30:00;Windsnelheid Lucht t.o.v. Mean Sea Level in m/s;IJmuiden Buitenhaven;7.15;;m/s;57.70;graden;-999999999;NVT;
26-5-2023;05:40:00;Windsnelheid Lucht t.o.v. Mean Sea Level in m/s;IJmuiden Buitenhaven;7.05;;m/s;58.10;graden;-999999999;NVT;
26-5-2023;05:50:00;Windsnelheid Lucht t.o.v. Mean Sea Level in m/s;IJmuiden Buitenhaven;7.11;;m/s;58.70;graden;-999999999;NVT;
26-5-2023;06:00:00;Windsnelheid Lucht t.o.v. Mean Sea Level in m/s;IJmuiden Buitenhaven;6.80;;m/s;60.40;graden;-999999999;NVT;
26-5-2023;06:10:00;Windsnelheid Lucht t.o.v. Mean Sea Level in m/s;IJmuiden Buitenhaven;6.12;;m/s;61.40;graden;-999999999;NVT;
26-5-2023;06:20:00;Windsnelheid Lucht t.o.v. Mean Sea Level in m/s;IJmuiden Buitenhaven;5.77;;m/s;59.90;graden;-999999999;NVT;
26-5-2023;06:30:00;Windsnelheid Lucht t.o.v. Mean Sea Level in m/s;IJmuiden Buitenhaven;6.06;;m/s;59.90;graden;-999999999;NVT;
26-5-2023;06:40:00;Windsnelheid Lucht t.o.v. Mean Sea Level in m/s;IJmuiden Buitenhaven;7.03;;m/s;59.80;graden;-999999999;NVT;
26-5-2023;06:50:00;Windsnelheid Lucht t.o.v. Mean Sea Level in m/s;IJmuiden Buitenhaven;7.48;;m/s;60.10;graden;-999999999;NVT;
26-5-2023;07:00:00;Windsnelheid Lucht t.o.v. Mean Sea Level in m/s;IJmuiden Buitenhaven;7.81;;m/s;60.60;graden;-999999999;NVT;
26-5-2023;07:10:00;Windsnelheid Lucht t.o.v. Mean Sea Level in m/s;IJmuiden Buitenhaven;8.00;;m/s;60.40;graden;-999999999;NVT;
26-5-2023;07:20:00;Windsnelheid Lucht t.o.v. Mean Sea Level in m/s;IJmuiden Buitenhaven;8.16;;m/s;61.50;graden;-999999999;NVT;
26-5-2023;07:30:00;Windsnelheid Lucht t.o.v. Mean Sea Level in m/s;IJmuiden Buitenhaven;7.89;;m/s;58.60;graden;-999999999;NVT;
26-5-2023;07:40:00;Windsnelheid Lucht t.o.v. Mean Sea Level in m/s;IJmuiden Buitenhaven;7.30;;m/s;56.50;graden;-999999999;NVT;
26-5-2023;07:50:00;Windsnelheid Lucht t.o.v. Mean Sea Level in m/s;IJmuiden Buitenhaven;7.03;;m/s;60.20;graden;-999999999;NVT;
26-5-2023;08:00:00;Windsnelheid Lucht t.o.v. Mean Sea Level in m/s;IJmuiden Buitenhaven;6.43;;m/s;62.60;graden;-999999999;NVT;
26-5-2023;08:10:00;Windsnelheid Lucht t.o.v. Mean Sea Level in m/s;IJmuiden Buitenhaven;7.32;;m/s;59.50;graden;-999999999;NVT;
26-5-2023;08:20:00;Windsnelheid Lucht t.o.v. Mean Sea Level in m/s;IJmuiden Buitenhaven;6.86;;m/s;64.00;graden;-999999999;NVT;
26-5-2023;08:30:00;Windsnelheid Lucht t.o.v. Mean Sea Level in m/s;IJmuiden Buitenhaven;7.13;;m/s;67.40;graden;-999999999;NVT;
26-5-2023;08:40:00;Windsnelheid Lucht t.o.v. Mean Sea Level in m/s;IJmuiden Buitenhaven;8.68;;m/s;66.50;graden;-999999999;NVT;
26-5-2023;08:50:00;Windsnelheid Lucht t.o.v. Mean Sea Level in m/s;IJmuiden Buitenhaven;9.17;;m/s;60.00;graden;-999999999;NVT;
26-5-2023;09:00:00;Windsnelheid Lucht t.o.v. Mean Sea Level in m/s;IJmuiden Buitenhaven;7.61;;m/s;48.00;graden;-999999999;NVT;
26-5-2023;09:10:00;Windsnelheid Lucht t.o.v. Mean Sea Level in m/s;IJmuiden Buitenhaven;8.06;;m/s;58.00;graden;-999999999;NVT;
26-5-2023;09:20:00;Windsnelheid Lucht t.o.v. Mean Sea Level in m/s;IJmuiden Buitenhaven;9.67;;m/s;72.60;graden;-999999999;NVT;
26-5-2023;09:30:00;Windsnelheid Lucht t.o.v. Mean Sea Level in m/s;IJmuiden Buitenhaven;9.85;;m/s;70.60;graden;-999999999;NVT;
26-5-2023;09:40:00;Windsnelheid Lucht t.o.v. Mean Sea Level in m/s;IJmuiden Buitenhaven;9.98;;m/s;73.20;graden;-999999999;NVT;
26-5-2023;09:50:00;Windsnelheid Lucht t.o.v. Mean Sea Level in m/s;IJmuiden Buitenhaven;9.38;;m/s;64.60;graden;-999999999;NVT;
26-5-2023;10:00:00;Windsnelheid Lucht t.o.v. Mean Sea Level in m/s;IJmuiden Buitenhaven;9.38;;m/s;61.40;graden;-999999999;NVT;
26-5-2023;10:10:00;Windsnelheid Lucht t.o.v. Mean Sea Level in m/s;IJmuiden Buitenhaven;8.43;;m/s;50.80;graden;-999999999;NVT;
26-5-2023;10:20:00;Windsnelheid Lucht t.o.v. Mean Sea Level in m/s;IJmuiden Buitenhaven;8.74;;m/s;59.60;graden;-999999999;NVT;
26-5-2023;10:30:00;Windsnelheid Lucht t.o.v. Mean Sea Level in m/s;IJmuiden Buitenhaven;7.87;;m/s;42.10;graden;-999999999;NVT;
26-5-2023;10:40:00;Windsnelheid Lucht t.o.v. Mean Sea Level in m/s;IJmuiden Buitenhaven;7.98;;m/s;47.40;graden;-999999999;NVT;
26-5-2023;10:50:00;Windsnelheid Lucht t.o.v. Mean Sea Level in m/s;IJmuiden Buitenhaven;9.42;;m/s;68.30;graden;-999999999;NVT;
26-5-2023;11:00:00;Windsnelheid Lucht t.o.v. Mean Sea Level in m/s;IJmuiden Buitenhaven;8.53;;m/s;65.80;graden;-999999999;NVT;
26-5-2023;11:10:00;Windsnelheid Lucht t.o.v. Mean Sea Level in m/s;IJmuiden Buitenhaven;8.35;;m/s;59.20;graden;-999999999;NVT;
26-5-2023;11:20:00;Windsnelheid Lucht t.o.v. Mean Sea Level in m/s;IJmuiden Buitenhaven;8.06;;m/s;62.70;graden;-999999999;NVT;
26-5-2023;11:30:00;Windsnelheid Lucht t.o.v. Mean Sea Level in m/s;IJmuiden Buitenhaven;8.55;;m/s;67.90;graden;-999999999;NVT;
26-5-2023;11:50:00;Windsnelheid Lucht t.o.v. Mean Sea Level in m/s;IJmuiden Buitenhaven;8.41;;m/s;55.00;graden;-999999999;NVT;
26-5-2023;12:00:00;Windsnelheid Lucht t.o.v. Mean Sea Level in m/s;IJmuiden Buitenhaven;8.91;;m/s;59.30;graden;-999999999;NVT;
26-5-2023;12:10:00;Windsnelheid Lucht t.o.v. Mean Sea Level in m/s;IJmuiden Buitenhaven;8.06;;m/s;48.00;graden;-999999999;NVT;
26-5-2023;12:20:00;Windsnelheid Lucht t.o.v. Mean Sea Level in m/s;IJmuiden Buitenhaven;7.61;;m/s;55.00;graden;-999999999;NVT;
26-5-2023;12:30:00;Windsnelheid Lucht t.o.v. Mean Sea Level in m/s;IJmuiden Buitenhaven;8.31;;m/s;60.40;graden;-999999999;NVT;
26-5-2023;12:40:00;Windsnelheid Lucht t.o.v. Mean Sea Level in m/s;IJmuiden Buitenhaven;8.08;;m/s;56.30;graden;-999999999;NVT;
26-5-2023;12:50:00;Windsnelheid Lucht t.o.v. Mean Sea Level in m/s;IJmuiden Buitenhaven;7.63;;m/s;37.50;graden;-999999999;NVT;
26-5-2023;13:00:00;Windsnelheid Lucht t.o.v. Mean Sea Level in m/s;IJmuiden Buitenhaven;8.78;;m/s;62.50;graden;-999999999;NVT;
26-5-2023;13:10:00;Windsnelheid Lucht t.o.v. Mean Sea Level in m/s;IJmuiden Buitenhaven;8.72;;m/s;56.90;graden;-999999999;NVT;
26-5-2023;13:20:00;Windsnelheid Lucht t.o.v. Mean Sea Level in m/s;IJmuiden Buitenhaven;8.29;;m/s;59.20;graden;-999999999;NVT;
26-5-2023;13:30:00;Windsnelheid Lucht t.o.v. Mean Sea Level in m/s;IJmuiden Buitenhaven;8.64;;m/s;55.30;graden;-999999999;NVT;
26-5-2023;13:40:00;Windsnelheid Lucht t.o.v. Mean Sea Level in m/s;IJmuiden Buitenhaven;9.15;;m/s;49.90;graden;-999999999;NVT;
26-5-2023;13:50:00;Windsnelheid Lucht t.o.v. Mean Sea Level in m/s;IJmuiden Buitenhaven;9.05;;m/s;68.20;graden;-999999999;NVT;
26-5-2023;14:00:00;Windsnelheid Lucht t.o.v. Mean Sea Level in m/s;IJmuiden Buitenhaven;9.09;;m/s;64.50;graden;-999999999;NVT;
26-5-2023;14:10:00;Windsnelheid Lucht t.o.v. Mean Sea Level in m/s;IJmuiden Buitenhaven;9.21;;m/s;38.30;graden;-999999999;NVT;
26-5-2023;14:20:00;Windsnelheid Lucht t.o.v. Mean Sea Level in m/s;IJmuiden Buitenhaven;8.25;;m/s;47.00;graden;-999999999;NVT;
26-5-2023;14:30:00;Windsnelheid Lucht t.o.v. Mean Sea Level in m/s;IJmuiden Buitenhaven;8.49;;m/s;40.20;graden;-999999999;NVT;
26-5-2023;14:40:00;Windsnelheid Lucht t.o.v. Mean Sea Level in m/s;IJmuiden Buitenhaven;9.75;;m/s;52.90;graden;-999999999;NVT;
26-5-2023;14:50:00;Windsnelheid Lucht t.o.v. Mean Sea Level in m/s;IJmuiden Buitenhaven;9.46;;m/s;63.40;graden;-999999999;NVT;
26-5-2023;15:00:00;Windsnelheid Lucht t.o.v. Mean Sea Level in m/s;IJmuiden Buitenhaven;8.53;;m/s;58.00;graden;-999999999;NVT;
26-5-2023;15:10:00;Windsnelheid Lucht t.o.v. Mean Sea Level in m/s;IJmuiden Buitenhaven;8.97;;m/s;43.30;graden;-999999999;NVT;
26-5-2023;15:20:00;Windsnelheid Lucht t.o.v. Mean Sea Level in m/s;IJmuiden Buitenhaven;9.26;;m/s;52.50;graden;-999999999;NVT;
26-5-2023;15:30:00;Windsnelheid Lucht t.o.v. Mean Sea Level in m/s;IJmuiden Buitenhaven;8.29;;m/s;41.10;graden;-999999999;NVT;
26-5-2023;15:40:00;Windsnelheid Lucht t.o.v. Mean Sea Level in m/s;IJmuiden Buitenhaven;8.45;;m/s;46.00;graden;-999999999;NVT;
26-5-2023;15:50:00;Windsnelheid Lucht t.o.v. Mean Sea Level in m/s;IJmuiden Buitenhaven;9.65;;m/s;63.90;graden;-999999999;NVT;
26-5-2023;16:00:00;Windsnelheid Lucht t.o.v. Mean Sea Level in m/s;IJmuiden Buitenhaven;8.62;;m/s;38.70;graden;-999999999;NVT;
26-5-2023;16:10:00;Windsnelheid Lucht t.o.v. Mean Sea Level in m/s;IJmuiden Buitenhaven;8.58;;m/s;51.90;graden;-999999999;NVT;
26-5-2023;16:20:00;Windsnelheid Lucht t.o.v. Mean Sea Level in m/s;IJmuiden Buitenhaven;8.58;;m/s;33.70;graden;-999999999;NVT;
26-5-2023;16:30:00;Windsnelheid Lucht t.o.v. Mean Sea Level in m/s;IJmuiden Buitenhaven;8.99;;m/s;43.70;graden;-999999999;NVT;
26-5-2023;16:40:00;Windsnelheid Lucht t.o.v. Mean Sea Level in m/s;IJmuiden Buitenhaven;8.95;;m/s;39.60;graden;-999999999;NVT;
26-5-2023;16:50:00;Windsnelheid Lucht t.o.v. Mean Sea Level in m/s;IJmuiden Buitenhaven;9.36;;m/s;35.40;graden;-999999999;NVT;
26-5-2023;17:00:00;Windsnelheid Lucht t.o.v. Mean Sea Level in m/s;IJmuiden Buitenhaven;9.44;;m/s;43.40;graden;-999999999;NVT;
26-5-2023;17:10:00;Windsnelheid Lucht t.o.v. Mean Sea Level in m/s;IJmuiden Buitenhaven;9.48;;m/s;41.30;graden;-999999999;NVT;
26-5-2023;17:20:00;Windsnelheid Lucht t.o.v. Mean Sea Level in m/s;IJmuiden Buitenhaven;9.30;;m/s;45.20;graden;-999999999;NVT;
26-5-2023;17:30:00;Windsnelheid Lucht t.o.v. Mean Sea Level in m/s;IJmuiden Buitenhaven;9.30;;m/s;42.60;graden;-999999999;NVT;
26-5-2023;17:40:00;Windsnelheid Lucht t.o.v. Mean Sea Level in m/s;IJmuiden Buitenhaven;9.42;;m/s;49.70;graden;-999999999;NVT;
26-5-2023;17:50:00;Windsnelheid Lucht t.o.v. Mean Sea Level in m/s;IJmuiden Buitenhaven;8.93;;m/s;39.50;graden;-999999999;NVT;
26-5-2023;18:00:00;Windsnelheid Lucht t.o.v. Mean Sea Level in m/s;IJmuiden Buitenhaven;9.15;;m/s;51.50;graden;-999999999;NVT;
26-5-2023;18:10:00;Windsnelheid Lucht t.o.v. Mean Sea Level in m/s;IJmuiden Buitenhaven;9.61;;m/s;43.90;graden;-999999999;NVT;
26-5-2023;18:20:00;Windsnelheid Lucht t.o.v. Mean Sea Level in m/s;IJmuiden Buitenhaven;9.28;;m/s;51.80;graden;-999999999;NVT;
26-5-2023;18:30:00;Windsnelheid Lucht t.o.v. Mean Sea Level in m/s;IJmuiden Buitenhaven;9.42;;m/s;42.90;graden;-999999999;NVT;
26-5-2023;18:40:00;Windsnelheid Lucht t.o.v. Mean Sea Level in m/s;IJmuiden Buitenhaven;9.59;;m/s;31.40;graden;-999999999;NVT;
26-5-2023;18:50:00;Windsnelheid Lucht t.o.v. Mean Sea Level in m/s;IJmuiden Buitenhaven;9.24;;m/s;45.30;graden;-999999999;NVT;
26-5-2023;19:00:00;Windsnelheid Lucht t.o.v. Mean Sea Level in m/s;IJmuiden Buitenhaven;9.44;;m/s;43.60;graden;-999999999;NVT;
26-5-2023;19:10:00;Windsnelheid Lucht t.o.v. Mean Sea Level in m/s;IJmuiden Buitenhaven;10.14;;m/s;45.30;graden;-999999999;NVT;
26-5-2023;19:20:00;Windsnelheid Lucht t.o.v. Mean Sea Level in m/s;IJmuiden Buitenhaven;9.32;;m/s;41.80;graden;-999999999;NVT;
26-5-2023;19:30:00;Windsnelheid Lucht t.o.v. Mean Sea Level in m/s;IJmuiden Buitenhaven;9.17;;m/s;42.60;graden;-999999999;NVT;
26-5-2023;19:40:00;Windsnelheid Lucht t.o.v. Mean Sea Level in m/s;IJmuiden Buitenhaven;9.19;;m/s;42.60;graden;-999999999;NVT;
26-5-2023;19:50:00;Windsnelheid Lucht t.o.v. Mean Sea Level in m/s;IJmuiden Buitenhaven;8.53;;m/s;46.50;graden;-999999999;NVT;
26-5-2023;20:00:00;Windsnelheid Lucht t.o.v. Mean Sea Level in m/s;IJmuiden Buitenhaven;8.43;;m/s;47.20;graden;-999999999;NVT;
26-5-2023;20:10:00;Windsnelheid Lucht t.o.v. Mean Sea Level in m/s;IJmuiden Buitenhaven;8.22;;m/s;44.90;graden;-999999999;NVT;
26-5-2023;20:20:00;Windsnelheid Lucht t.o.v. Mean Sea Level in m/s;IJmuiden Buitenhaven;8.66;;m/s;41.20;graden;-999999999;NVT;
26-5-2023;20:30:00;Windsnelheid Lucht t.o.v. Mean Sea Level in m/s;IJmuiden Buitenhaven;8.51;;m/s;43.70;graden;-999999999;NVT;
26-5-2023;20:40:00;Windsnelheid Lucht t.o.v. Mean Sea Level in m/s;IJmuiden Buitenhaven;7.52;;m/s;41.10;graden;-999999999;NVT;
26-5-2023;20:50:00;Windsnelheid Lucht t.o.v. Mean Sea Level in m/s;IJmuiden Buitenhaven;7.38;;m/s;36.40;graden;-999999999;NVT;
26-5-2023;21:00:00;Windsnelheid Lucht t.o.v. Mean Sea Level in m/s;IJmuiden Buitenhaven;7.46;;m/s;34.00;graden;-999999999;NVT;
26-5-2023;21:10:00;Windsnelheid Lucht t.o.v. Mean Sea Level in m/s;IJmuiden Buitenhaven;6.06;;m/s;37.20;graden;-999999999;NVT;
26-5-2023;21:20:00;Windsnelheid Lucht t.o.v. Mean Sea Level in m/s;IJmuiden Buitenhaven;6.45;;m/s;37.10;graden;-999999999;NVT;
26-5-2023;21:30:00;Windsnelheid Lucht t.o.v. Mean Sea Level in m/s;IJmuiden Buitenhaven;6.10;;m/s;42.20;graden;-999999999;NVT;
26-5-2023;21:40:00;Windsnelheid Lucht t.o.v. Mean Sea Level in m/s;IJmuiden Buitenhaven;6.64;;m/s;41.10;graden;-999999999;NVT;
26-5-2023;21:50:00;Windsnelheid Lucht t.o.v. Mean Sea Level in m/s;IJmuiden Buitenhaven;6.55;;m/s;38.30;graden;-999999999;NVT;
26-5-2023;22:00:00;Windsnelheid Lucht t.o.v. Mean Sea Level in m/s;IJmuiden Buitenhaven;6.41;;m/s;37.00;graden;-999999999;NVT;
26-5-2023;22:10:00;Windsnelheid Lucht t.o.v. Mean Sea Level in m/s;IJmuiden Buitenhaven;5.71;;m/s;32.30;graden;-999999999;NVT;
26-5-2023;22:20:00;Windsnelheid Lucht t.o.v. Mean Sea Level in m/s;IJmuiden Buitenhaven;5.32;;m/s;34.50;graden;-999999999;NVT;
26-5-2023;22:30:00;Windsnelheid Lucht t.o.v. Mean Sea Level in m/s;IJmuiden Buitenhaven;4.82;;m/s;35.40;graden;-999999999;NVT;
26-5-2023;22:40:00;Windsnelheid Lucht t.o.v. Mean Sea Level in m/s;IJmuiden Buitenhaven;4.84;;m/s;30.20;graden;-999999999;NVT;
26-5-2023;22:50:00;Windsnelheid Lucht t.o.v. Mean Sea Level in m/s;IJmuiden Buitenhaven;5.13;;m/s;30.60;graden;-999999999;NVT;
26-5-2023;23:00:00;Windsnelheid Lucht t.o.v. Mean Sea Level in m/s;IJmuiden Buitenhaven;5.50;;m/s;29.60;graden;-999999999;NVT;
26-5-2023;23:10:00;Windsnelheid Lucht t.o.v. Mean Sea Level in m/s;IJmuiden Buitenhaven;5.34;;m/s;27.80;graden;-999999999;NVT;
26-5-2023;23:20:00;Windsnelheid Lucht t.o.v. Mean Sea Level in m/s;IJmuiden Buitenhaven;5.42;;m/s;29.00;graden;-999999999;NVT;
26-5-2023;23:30:00;Windsnelheid Lucht t.o.v. Mean Sea Level in m/s;IJmuiden Buitenhaven;5.32;;m/s;28.40;graden;-999999999;NVT;
26-5-2023;23:40:00;Windsnelheid Lucht t.o.v. Mean Sea Level in m/s;IJmuiden Buitenhaven;5.96;;m/s;27.10;graden;-999999999;NVT;
26-5-2023;23:50:00;Windsnelheid Lucht t.o.v. Mean Sea Level in m/s;IJmuiden Buitenhaven;5.89;;m/s;28.20;graden;-999999999;NVT;
27-5-2023;00:00:00;Windsnelheid Lucht t.o.v. Mean Sea Level in m/s;IJmuiden Buitenhaven;5.94;;m/s;35.20;graden;-999999999;NVT;
27-5-2023;00:10:00;Windsnelheid Lucht t.o.v. Mean Sea Level in m/s;IJmuiden Buitenhaven;6.20;;m/s;42.00;graden;-999999999;NVT;
27-5-2023;00:20:00;Windsnelheid Lucht t.o.v. Mean Sea Level in m/s;IJmuiden Buitenhaven;6.12;;m/s;41.50;graden;-999999999;NVT;
27-5-2023;00:30:00;Windsnelheid Lucht t.o.v. Mean Sea Level in m/s;IJmuiden Buitenhaven;5.52;;m/s;45.60;graden;-999999999;NVT;
27-5-2023;00:40:00;Windsnelheid Lucht t.o.v. Mean Sea Level in m/s;IJmuiden Buitenhaven;5.42;;m/s;43.60;graden;-999999999;NVT;
27-5-2023;00:50:00;Windsnelheid Lucht t.o.v. Mean Sea Level in m/s;IJmuiden Buitenhaven;5.44;;m/s;46.10;graden;-999999999;NVT;
27-5-2023;01:00:00;Windsnelheid Lucht t.o.v. Mean Sea Level in m/s;IJmuiden Buitenhaven;5.63;;m/s;51.60;graden;-999999999;NVT;
27-5-2023;01:10:00;Windsnelheid Lucht t.o.v. Mean Sea Level in m/s;IJmuiden Buitenhaven;7.28;;m/s;54.50;graden;-999999999;NVT;
27-5-2023;01:20:00;Windsnelheid Lucht t.o.v. Mean Sea Level in m/s;IJmuiden Buitenhaven;7.69;;m/s;58.60;graden;-999999999;NVT;
27-5-2023;01:30:00;Windsnelheid Lucht t.o.v. Mean Sea Level in m/s;IJmuiden Buitenhaven;8.18;;m/s;59.10;graden;-999999999;NVT;
27-5-2023;01:40:00;Windsnelheid Lucht t.o.v. Mean Sea Level in m/s;IJmuiden Buitenhaven;8.47;;m/s;57.70;graden;-999999999;NVT;
27-5-2023;01:50:00;Windsnelheid Lucht t.o.v. Mean Sea Level in m/s;IJmuiden Buitenhaven;8.51;;m/s;59.50;graden;-999999999;NVT;
27-5-2023;02:00:00;Windsnelheid Lucht t.o.v. Mean Sea Level in m/s;IJmuiden Buitenhaven;8.58;;m/s;57.80;graden;-999999999;NVT;
27-5-2023;02:10:00;Windsnelheid Lucht t.o.v. Mean Sea Level in m/s;IJmuiden Buitenhaven;8.74;;m/s;57.90;graden;-999999999;NVT;
27-5-2023;02:20:00;Windsnelheid Lucht t.o.v. Mean Sea Level in m/s;IJmuiden Buitenhaven;8.22;;m/s;58.70;graden;-999999999;NVT;
27-5-2023;02:30:00;Windsnelheid Lucht t.o.v. Mean Sea Level in m/s;IJmuiden Buitenhaven;7.73;;m/s;57.60;graden;-999999999;NVT;
27-5-2023;02:40:00;Windsnelheid Lucht t.o.v. Mean Sea Level in m/s;IJmuiden Buitenhaven;7.96;;m/s;60.10;graden;-999999999;NVT;
27-5-2023;02:50:00;Windsnelheid Lucht t.o.v. Mean Sea Level in m/s;IJmuiden Buitenhaven;7.87;;m/s;60.80;graden;-999999999;NVT;
27-5-2023;03:00:00;Windsnelheid Lucht t.o.v. Mean Sea Level in m/s;IJmuiden Buitenhaven;7.07;;m/s;59.20;graden;-999999999;NVT;
27-5-2023;03:10:00;Windsnelheid Lucht t.o.v. Mean Sea Level in m/s;IJmuiden Buitenhaven;6.45;;m/s;62.40;graden;-999999999;NVT;
27-5-2023;03:20:00;Windsnelheid Lucht t.o.v. Mean Sea Level in m/s;IJmuiden Buitenhaven;6.55;;m/s;60.80;graden;-999999999;NVT;
27-5-2023;03:30:00;Windsnelheid Lucht t.o.v. Mean Sea Level in m/s;IJmuiden Buitenhaven;6.39;;m/s;61.30;graden;-999999999;NVT;
27-5-2023;03:40:00;Windsnelheid Lucht t.o.v. Mean Sea Level in m/s;IJmuiden Buitenhaven;6.33;;m/s;62.80;graden;-999999999;NVT;
27-5-2023;03:50:00;Windsnelheid Lucht t.o.v. Mean Sea Level in m/s;IJmuiden Buitenhaven;6.04;;m/s;59.70;graden;-999999999;NVT;
27-5-2023;04:00:00;Windsnelheid Lucht t.o.v. Mean Sea Level in m/s;IJmuiden Buitenhaven;6.51;;m/s;62.00;graden;-999999999;NVT;
27-5-2023;04:10:00;Windsnelheid Lucht t.o.v. Mean Sea Level in m/s;IJmuiden Buitenhaven;6.31;;m/s;61.20;graden;-999999999;NVT;
27-5-2023;04:20:00;Windsnelheid Lucht t.o.v. Mean Sea Level in m/s;IJmuiden Buitenhaven;5.87;;m/s;62.60;graden;-999999999;NVT;
27-5-2023;04:30:00;Windsnelheid Lucht t.o.v. Mean Sea Level in m/s;IJmuiden Buitenhaven;5.77;;m/s;62.90;graden;-999999999;NVT;
27-5-2023;04:40:00;Windsnelheid Lucht t.o.v. Mean Sea Level in m/s;IJmuiden Buitenhaven;5.63;;m/s;59.20;graden;-999999999;NVT;
27-5-2023;04:50:00;Windsnelheid Lucht t.o.v. Mean Sea Level in m/s;IJmuiden Buitenhaven;6.31;;m/s;61.30;graden;-999999999;NVT;
27-5-2023;05:00:00;Windsnelheid Lucht t.o.v. Mean Sea Level in m/s;IJmuiden Buitenhaven;5.96;;m/s;60.10;graden;-999999999;NVT;
27-5-2023;05:10:00;Windsnelheid Lucht t.o.v. Mean Sea Level in m/s;IJmuiden Buitenhaven;5.96;;m/s;61.10;graden;-999999999;NVT;
27-5-2023;05:20:00;Windsnelheid Lucht t.o.v. Mean Sea Level in m/s;IJmuiden Buitenhaven;5.81;;m/s;66.70;graden;-999999999;NVT;
27-5-2023;05:30:00;Windsnelheid Lucht t.o.v. Mean Sea Level in m/s;IJmuiden Buitenhaven;5.46;;m/s;62.30;graden;-999999999;NVT;
27-5-2023;05:40:00;Windsnelheid Lucht t.o.v. Mean Sea Level in m/s;IJmuiden Buitenhaven;5.23;;m/s;60.90;graden;-999999999;NVT;
27-5-2023;05:50:00;Windsnelheid Lucht t.o.v. Mean Sea Level in m/s;IJmuiden Buitenhaven;5.25;;m/s;61.00;graden;-999999999;NVT;
27-5-2023;06:00:00;Windsnelheid Lucht t.o.v. Mean Sea Level in m/s;IJmuiden Buitenhaven;4.74;;m/s;58.80;graden;-999999999;NVT;
27-5-2023;06:10:00;Windsnelheid Lucht t.o.v. Mean Sea Level in m/s;IJmuiden Buitenhaven;4.78;;m/s;58.60;graden;-999999999;NVT;
27-5-2023;06:20:00;Windsnelheid Lucht t.o.v. Mean Sea Level in m/s;IJmuiden Buitenhaven;4.49;;m/s;62.10;graden;-999999999;NVT;
27-5-2023;06:30:00;Windsnelheid Lucht t.o.v. Mean Sea Level in m/s;IJmuiden Buitenhaven;4.33;;m/s;63.20;graden;-999999999;NVT;
27-5-2023;06:40:00;Windsnelheid Lucht t.o.v. Mean Sea Level in m/s;IJmuiden Buitenhaven;4.39;;m/s;67.10;graden;-999999999;NVT;
27-5-2023;06:50:00;Windsnelheid Lucht t.o.v. Mean Sea Level in m/s;IJmuiden Buitenhaven;4.41;;m/s;74.40;graden;-999999999;NVT;
27-5-2023;07:00:00;Windsnelheid Lucht t.o.v. Mean Sea Level in m/s;IJmuiden Buitenhaven;4.35;;m/s;79.40;graden;-999999999;NVT;
27-5-2023;07:10:00;Windsnelheid Lucht t.o.v. Mean Sea Level in m/s;IJmuiden Buitenhaven;4.20;;m/s;83.50;graden;-999999999;NVT;
27-5-2023;07:20:00;Windsnelheid Lucht t.o.v. Mean Sea Level in m/s;IJmuiden Buitenhaven;4.45;;m/s;96.20;graden;-999999999;NVT;
27-5-2023;07:30:00;Windsnelheid Lucht t.o.v. Mean Sea Level in m/s;IJmuiden Buitenhaven;4.31;;m/s;96.30;graden;-999999999;NVT;
27-5-2023;07:40:00;Windsnelheid Lucht t.o.v. Mean Sea Level in m/s;IJmuiden Buitenhaven;4.33;;m/s;89.50;graden;-999999999;NVT;
27-5-2023;07:50:00;Windsnelheid Lucht t.o.v. Mean Sea Level in m/s;IJmuiden Buitenhaven;4.37;;m/s;91.70;graden;-999999999;NVT;
27-5-2023;08:00:00;Windsnelheid Lucht t.o.v. Mean Sea Level in m/s;IJmuiden Buitenhaven;4.39;;m/s;93.20;graden;-999999999;NVT;
27-5-2023;08:10:00;Windsnelheid Lucht t.o.v. Mean Sea Level in m/s;IJmuiden Buitenhaven;4.18;;m/s;100.90;graden;-999999999;NVT;
27-5-2023;08:20:00;Windsnelheid Lucht t.o.v. Mean Sea Level in m/s;IJmuiden Buitenhaven;5.75;;m/s;88.20;graden;-999999999;NVT;
27-5-2023;08:30:00;Windsnelheid Lucht t.o.v. Mean Sea Level in m/s;IJmuiden Buitenhaven;5.73;;m/s;90.50;graden;-999999999;NVT;
27-5-2023;08:40:00;Windsnelheid Lucht t.o.v. Mean Sea Level in m/s;IJmuiden Buitenhaven;6.84;;m/s;80.60;graden;-999999999;NVT;
27-5-2023;08:50:00;Windsnelheid Lucht t.o.v. Mean Sea Level in m/s;IJmuiden Buitenhaven;6.39;;m/s;87.20;graden;-999999999;NVT;
27-5-2023;09:00:00;Windsnelheid Lucht t.o.v. Mean Sea Level in m/s;IJmuiden Buitenhaven;5.94;;m/s;89.40;graden;-999999999;NVT;
27-5-2023;09:10:00;Windsnelheid Lucht t.o.v. Mean Sea Level in m/s;IJmuiden Buitenhaven;5.98;;m/s;92.70;graden;-999999999;NVT;
27-5-2023;09:20:00;Windsnelheid Lucht t.o.v. Mean Sea Level in m/s;IJmuiden Buitenhaven;6.10;;m/s;84.50;graden;-999999999;NVT;
27-5-2023;09:30:00;Windsnelheid Lucht t.o.v. Mean Sea Level in m/s;IJmuiden Buitenhaven;6.08;;m/s;70.30;graden;-999999999;NVT;
27-5-2023;09:40:00;Windsnelheid Lucht t.o.v. Mean Sea Level in m/s;IJmuiden Buitenhaven;6.60;;m/s;82.90;graden;-999999999;NVT;
27-5-2023;09:50:00;Windsnelheid Lucht t.o.v. Mean Sea Level in m/s;IJmuiden Buitenhaven;5.89;;m/s;79.50;graden;-999999999;NVT;
27-5-2023;10:00:00;Windsnelheid Lucht t.o.v. Mean Sea Level in m/s;IJmuiden Buitenhaven;5.91;;m/s;87.90;graden;-999999999;NVT;
27-5-2023;10:10:00;Windsnelheid Lucht t.o.v. Mean Sea Level in m/s;IJmuiden Buitenhaven;5.61;;m/s;81.50;graden;-999999999;NVT;
27-5-2023;10:20:00;Windsnelheid Lucht t.o.v. Mean Sea Level in m/s;IJmuiden Buitenhaven;4.57;;m/s;77.00;graden;-999999999;NVT;
27-5-2023;10:30:00;Windsnelheid Lucht t.o.v. Mean Sea Level in m/s;IJmuiden Buitenhaven;5.44;;m/s;66.80;graden;-999999999;NVT;
27-5-2023;10:40:00;Windsnelheid Lucht t.o.v. Mean Sea Level in m/s;IJmuiden Buitenhaven;5.52;;m/s;64.70;graden;-999999999;NVT;
27-5-2023;10:50:00;Windsnelheid Lucht t.o.v. Mean Sea Level in m/s;IJmuiden Buitenhaven;5.21;;m/s;72.90;graden;-999999999;NVT;
27-5-2023;11:00:00;Windsnelheid Lucht t.o.v. Mean Sea Level in m/s;IJmuiden Buitenhaven;4.97;;m/s;84.30;graden;-999999999;NVT;
27-5-2023;11:10:00;Windsnelheid Lucht t.o.v. Mean Sea Level in m/s;IJmuiden Buitenhaven;4.72;;m/s;69.10;graden;-999999999;NVT;
27-5-2023;11:20:00;Windsnelheid Lucht t.o.v. Mean Sea Level in m/s;IJmuiden Buitenhaven;5.69;;m/s;69.30;graden;-999999999;NVT;
27-5-2023;11:30:00;Windsnelheid Lucht t.o.v. Mean Sea Level in m/s;IJmuiden Buitenhaven;4.51;;m/s;76.30;graden;-999999999;NVT;
27-5-2023;11:40:00;Windsnelheid Lucht t.o.v. Mean Sea Level in m/s;IJmuiden Buitenhaven;4.90;;m/s;70.70;graden;-999999999;NVT;
27-5-2023;11:50:00;Windsnelheid Lucht t.o.v. Mean Sea Level in m/s;IJmuiden Buitenhaven;4.37;;m/s;75.60;graden;-999999999;NVT;
27-5-2023;12:00:00;Windsnelheid Lucht t.o.v. Mean Sea Level in m/s;IJmuiden Buitenhaven;4.68;;m/s;70.50;graden;-999999999;NVT;
27-5-2023;12:10:00;Windsnelheid Lucht t.o.v. Mean Sea Level in m/s;IJmuiden Buitenhaven;5.15;;m/s;80.60;graden;-999999999;NVT;
27-5-2023;12:20:00;Windsnelheid Lucht t.o.v. Mean Sea Level in m/s;IJmuiden Buitenhaven;4.76;;m/s;80.10;graden;-999999999;NVT;
27-5-2023;12:30:00;Windsnelheid Lucht t.o.v. Mean Sea Level in m/s;IJmuiden Buitenhaven;4.02;;m/s;75.00;graden;-999999999;NVT;
27-5-2023;12:40:00;Windsnelheid Lucht t.o.v. Mean Sea Level in m/s;IJmuiden Buitenhaven;3.87;;m/s;73.90;graden;-999999999;NVT;
27-5-2023;12:50:00;Windsnelheid Lucht t.o.v. Mean Sea Level in m/s;IJmuiden Buitenhaven;4.29;;m/s;81.10;graden;-999999999;NVT;
27-5-2023;13:00:00;Windsnelheid Lucht t.o.v. Mean Sea Level in m/s;IJmuiden Buitenhaven;4.57;;m/s;78.80;graden;-999999999;NVT;
27-5-2023;13:10:00;Windsnelheid Lucht t.o.v. Mean Sea Level in m/s;IJmuiden Buitenhaven;4.70;;m/s;76.10;graden;-999999999;NVT;
27-5-2023;13:20:00;Windsnelheid Lucht t.o.v. Mean Sea Level in m/s;IJmuiden Buitenhaven;4.43;;m/s;76.60;graden;-999999999;NVT;
27-5-2023;13:30:00;Windsnelheid Lucht t.o.v. Mean Sea Level in m/s;IJmuiden Buitenhaven;4.90;;m/s;75.20;graden;-999999999;NVT;
27-5-2023;13:40:00;Windsnelheid Lucht t.o.v. Mean Sea Level in m/s;IJmuiden Buitenhaven;4.12;;m/s;77.60;graden;-999999999;NVT;
27-5-2023;13:50:00;Windsnelheid Lucht t.o.v. Mean Sea Level in m/s;IJmuiden Buitenhaven;4.90;;m/s;72.20;graden;-999999999;NVT;
27-5-2023;14:00:00;Windsnelheid Lucht t.o.v. Mean Sea Level in m/s;IJmuiden Buitenhaven;4.35;;m/s;86.30;graden;-999999999;NVT;
27-5-2023;14:10:00;Windsnelheid Lucht t.o.v. Mean Sea Level in m/s;IJmuiden Buitenhaven;5.19;;m/s;84.50;graden;-999999999;NVT;
27-5-2023;14:20:00;Windsnelheid Lucht t.o.v. Mean Sea Level in m/s;IJmuiden Buitenhaven;3.67;;m/s;78.40;graden;-999999999;NVT;
27-5-2023;14:30:00;Windsnelheid Lucht t.o.v. Mean Sea Level in m/s;IJmuiden Buitenhaven;5.15;;m/s;84.60;graden;-999999999;NVT;
27-5-2023;14:40:00;Windsnelheid Lucht t.o.v. Mean Sea Level in m/s;IJmuiden Buitenhaven;4.76;;m/s;84.10;graden;-999999999;NVT;
27-5-2023;14:50:00;Windsnelheid Lucht t.o.v. Mean Sea Level in m/s;IJmuiden Buitenhaven;4.14;;m/s;82.60;graden;-999999999;NVT;
27-5-2023;15:00:00;Windsnelheid Lucht t.o.v. Mean Sea Level in m/s;IJmuiden Buitenhaven;5.11;;m/s;79.10;graden;-999999999;NVT;
27-5-2023;15:10:00;Windsnelheid Lucht t.o.v. Mean Sea Level in m/s;IJmuiden Buitenhaven;4.86;;m/s;72.80;graden;-999999999;NVT;
27-5-2023;15:20:00;Windsnelheid Lucht t.o.v. Mean Sea Level in m/s;IJmuiden Buitenhaven;5.15;;m/s;85.70;graden;-999999999;NVT;
27-5-2023;15:30:00;Windsnelheid Lucht t.o.v. Mean Sea Level in m/s;IJmuiden Buitenhaven;4.16;;m/s;78.00;graden;-999999999;NVT;
27-5-2023;15:40:00;Windsnelheid Lucht t.o.v. Mean Sea Level in m/s;IJmuiden Buitenhaven;5.09;;m/s;71.80;graden;-999999999;NVT;
27-5-2023;15:50:00;Windsnelheid Lucht t.o.v. Mean Sea Level in m/s;IJmuiden Buitenhaven;5.15;;m/s;69.50;graden;-999999999;NVT;
27-5-2023;16:00:00;Windsnelheid Lucht t.o.v. Mean Sea Level in m/s;IJmuiden Buitenhaven;4.80;;m/s;78.50;graden;-999999999;NVT;
27-5-2023;16:10:00;Windsnelheid Lucht t.o.v. Mean Sea Level in m/s;IJmuiden Buitenhaven;4.86;;m/s;77.30;graden;-999999999;NVT;
27-5-2023;16:20:00;Windsnelheid Lucht t.o.v. Mean Sea Level in m/s;IJmuiden Buitenhaven;4.29;;m/s;73.90;graden;-999999999;NVT;
27-5-2023;16:30:00;Windsnelheid Lucht t.o.v. Mean Sea Level in m/s;IJmuiden Buitenhaven;4.99;;m/s;71.60;graden;-999999999;NVT;
27-5-2023;16:40:00;Windsnelheid Lucht t.o.v. Mean Sea Level in m/s;IJmuiden Buitenhaven;5.01;;m/s;78.60;graden;-999999999;NVT;
27-5-2023;16:50:00;Windsnelheid Lucht t.o.v. Mean Sea Level in m/s;IJmuiden Buitenhaven;4.43;;m/s;80.60;graden;-999999999;NVT;
27-5-2023;17:00:00;Windsnelheid Lucht t.o.v. Mean Sea Level in m/s;IJmuiden Buitenhaven;4.82;;m/s;82.10;graden;-999999999;NVT;
27-5-2023;17:10:00;Windsnelheid Lucht t.o.v. Mean Sea Level in m/s;IJmuiden Buitenhaven;3.52;;m/s;60.10;graden;-999999999;NVT;
27-5-2023;17:20:00;Windsnelheid Lucht t.o.v. Mean Sea Level in m/s;IJmuiden Buitenhaven;4.74;;m/s;66.80;graden;-999999999;NVT;
27-5-2023;17:30:00;Windsnelheid Lucht t.o.v. Mean Sea Level in m/s;IJmuiden Buitenhaven;4.78;;m/s;82.20;graden;-999999999;NVT;
27-5-2023;17:40:00;Windsnelheid Lucht t.o.v. Mean Sea Level in m/s;IJmuiden Buitenhaven;3.89;;m/s;76.20;graden;-999999999;NVT;
27-5-2023;17:50:00;Windsnelheid Lucht t.o.v. Mean Sea Level in m/s;IJmuiden Buitenhaven;4.72;;m/s;71.70;graden;-999999999;NVT;
27-5-2023;18:00:00;Windsnelheid Lucht t.o.v. Mean Sea Level in m/s;IJmuiden Buitenhaven;4.39;;m/s;58.40;graden;-999999999;NVT;
27-5-2023;18:10:00;Windsnelheid Lucht t.o.v. Mean Sea Level in m/s;IJmuiden Buitenhaven;5.40;;m/s;56.20;graden;-999999999;NVT;
27-5-2023;18:20:00;Windsnelheid Lucht t.o.v. Mean Sea Level in m/s;IJmuiden Buitenhaven;5.32;;m/s;67.00;graden;-999999999;NVT;
27-5-2023;18:30:00;Windsnelheid Lucht t.o.v. Mean Sea Level in m/s;IJmuiden Buitenhaven;5.61;;m/s;67.10;graden;-999999999;NVT;
27-5-2023;18:40:00;Windsnelheid Lucht t.o.v. Mean Sea Level in m/s;IJmuiden Buitenhaven;5.13;;m/s;53.60;graden;-999999999;NVT;
27-5-2023;18:50:00;Windsnelheid Lucht t.o.v. Mean Sea Level in m/s;IJmuiden Buitenhaven;4.92;;m/s;65.70;graden;-999999999;NVT;
27-5-2023;19:00:00;Windsnelheid Lucht t.o.v. Mean Sea Level in m/s;IJmuiden Buitenhaven;4.86;;m/s;61.90;graden;-999999999;NVT;
27-5-2023;19:10:00;Windsnelheid Lucht t.o.v. Mean Sea Level in m/s;IJmuiden Buitenhaven;4.84;;m/s;63.50;graden;-999999999;NVT;
27-5-2023;19:20:00;Windsnelheid Lucht t.o.v. Mean Sea Level in m/s;IJmuiden Buitenhaven;5.19;;m/s;56.30;graden;-999999999;NVT;
27-5-2023;19:30:00;Windsnelheid Lucht t.o.v. Mean Sea Level in m/s;IJmuiden Buitenhaven;5.30;;m/s;59.20;graden;-999999999;NVT;
27-5-2023;19:40:00;Windsnelheid Lucht t.o.v. Mean Sea Level in m/s;IJmuiden Buitenhaven;5.34;;m/s;29.20;graden;-999999999;NVT;
27-5-2023;19:50:00;Windsnelheid Lucht t.o.v. Mean Sea Level in m/s;IJmuiden Buitenhaven;5.71;;m/s;22.80;graden;-999999999;NVT;
27-5-2023;20:00:00;Windsnelheid Lucht t.o.v. Mean Sea Level in m/s;IJmuiden Buitenhaven;6.14;;m/s;23.20;graden;-999999999;NVT;
27-5-2023;20:10:00;Windsnelheid Lucht t.o.v. Mean Sea Level in m/s;IJmuiden Buitenhaven;5.32;;m/s;26.20;graden;-999999999;NVT;
27-5-2023;20:20:00;Windsnelheid Lucht t.o.v. Mean Sea Level in m/s;IJmuiden Buitenhaven;5.75;;m/s;18.80;graden;-999999999;NVT;
27-5-2023;20:30:00;Windsnelheid Lucht t.o.v. Mean Sea Level in m/s;IJmuiden Buitenhaven;5.83;;m/s;18.80;graden;-999999999;NVT;
27-5-2023;20:40:00;Windsnelheid Lucht t.o.v. Mean Sea Level in m/s;IJmuiden Buitenhaven;6.16;;m/s;8.30;graden;-999999999;NVT;
27-5-2023;20:50:00;Windsnelheid Lucht t.o.v. Mean Sea Level in m/s;IJmuiden Buitenhaven;7.21;;m/s;7.60;graden;-999999999;NVT;
27-5-2023;21:00:00;Windsnelheid Lucht t.o.v. Mean Sea Level in m/s;IJmuiden Buitenhaven;6.72;;m/s;9.00;graden;-999999999;NVT;
27-5-2023;21:10:00;Windsnelheid Lucht t.o.v. Mean Sea Level in m/s;IJmuiden Buitenhaven;6.16;4.40;m/s;15.40;graden;-999999999;NVT;
27-5-2023;21:20:00;Windsnelheid Lucht t.o.v. Mean Sea Level in m/s;IJmuiden Buitenhaven;;4.60;m/s;;graden;;;
27-5-2023;21:30:00;Windsnelheid Lucht t.o.v. Mean Sea Level in m/s;IJmuiden Buitenhaven;;4.90;m/s;;graden;;;
27-5-2023;21:40:00;Windsnelheid Lucht t.o.v. Mean Sea Level in m/s;IJmuiden Buitenhaven;;5.20;m/s;;graden;;;
27-5-2023;21:50:00;Windsnelheid Lucht t.o.v. Mean Sea Level in m/s;IJmuiden Buitenhaven;;5.40;m/s;;graden;;;
27-5-2023;22:00:00;Windsnelheid Lucht t.o.v. Mean Sea Level in m/s;IJmuiden Buitenhaven;;5.70;m/s;;graden;;;
27-5-2023;22:10:00;Windsnelheid Lucht t.o.v. Mean Sea Level in m/s;IJmuiden Buitenhaven;;5.60;m/s;;graden;;;
27-5-2023;22:20:00;Windsnelheid Lucht t.o.v. Mean Sea Level in m/s;IJmuiden Buitenhaven;;5.50;m/s;;graden;;;
27-5-2023;22:30:00;Windsnelheid Lucht t.o.v. Mean Sea Level in m/s;IJmuiden Buitenhaven;;5.40;m/s;;graden;;;
27-5-2023;22:40:00;Windsnelheid Lucht t.o.v. Mean Sea Level in m/s;IJmuiden Buitenhaven;;5.30;m/s;;graden;;;
27-5-2023;22:50:00;Windsnelheid Lucht t.o.v. Mean Sea Level in m/s;IJmuiden Buitenhaven;;5.20;m/s;;graden;;;
27-5-2023;23:00:00;Windsnelheid Lucht t.o.v. Mean Sea Level in m/s;IJmuiden Buitenhaven;;5.10;m/s;;graden;;;
27-5-2023;23:10:00;Windsnelheid Lucht t.o.v. Mean Sea Level in m/s;IJmuiden Buitenhaven;;5.10;m/s;;graden;;;
27-5-2023;23:20:00;Windsnelheid Lucht t.o.v. Mean Sea Level in m/s;IJmuiden Buitenhaven;;5.10;m/s;;graden;;;
27-5-2023;23:30:00;Windsnelheid Lucht t.o.v. Mean Sea Level in m/s;IJmuiden Buitenhaven;;5.10;m/s;;graden;;;
27-5-2023;23:40:00;Windsnelheid Lucht t.o.v. Mean Sea Level in m/s;IJmuiden Buitenhaven;;5.10;m/s;;graden;;;
27-5-2023;23:50:00;Windsnelheid Lucht t.o.v. Mean Sea Level in m/s;IJmuiden Buitenhaven;;5.10;m/s;;graden;;;
28-5-2023;00:00:00;Windsnelheid Lucht t.o.v. Mean Sea Level in m/s;IJmuiden Buitenhaven;;5.10;m/s;;graden;;;
28-5-2023;00:10:00;Windsnelheid Lucht t.o.v. Mean Sea Level in m/s;IJmuiden Buitenhaven;;5.20;m/s;;graden;;;
28-5-2023;00:20:00;Windsnelheid Lucht t.o.v. Mean Sea Level in m/s;IJmuiden Buitenhaven;;5.30;m/s;;graden;;;
28-5-2023;00:30:00;Windsnelheid Lucht t.o.v. Mean Sea Level in m/s;IJmuiden Buitenhaven;;5.40;m/s;;graden;;;
28-5-2023;00:40:00;Windsnelheid Lucht t.o.v. Mean Sea Level in m/s;IJmuiden Buitenhaven;;5.50;m/s;;graden;;;
28-5-2023;00:50:00;Windsnelheid Lucht t.o.v. Mean Sea Level in m/s;IJmuiden Buitenhaven;;5.60;m/s;;graden;;;
28-5-2023;01:00:00;Windsnelheid Lucht t.o.v. Mean Sea Level in m/s;IJmuiden Buitenhaven;;5.70;m/s;;graden;;;
28-5-2023;01:10:00;Windsnelheid Lucht t.o.v. Mean Sea Level in m/s;IJmuiden Buitenhaven;;5.60;m/s;;graden;;;
28-5-2023;01:20:00;Windsnelheid Lucht t.o.v. Mean Sea Level in m/s;IJmuiden Buitenhaven;;5.50;m/s;;graden;;;
28-5-2023;01:30:00;Windsnelheid Lucht t.o.v. Mean Sea Level in m/s;IJmuiden Buitenhaven;;5.40;m/s;;graden;;;
28-5-2023;01:40:00;Windsnelheid Lucht t.o.v. Mean Sea Level in m/s;IJmuiden Buitenhaven;;5.30;m/s;;graden;;;
28-5-2023;01:50:00;Windsnelheid Lucht t.o.v. Mean Sea Level in m/s;IJmuiden Buitenhaven;;5.20;m/s;;graden;;;
28-5-2023;02:00:00;Windsnelheid Lucht t.o.v. Mean Sea Level in m/s;IJmuiden Buitenhaven;;5.10;m/s;;graden;;;
28-5-2023;02:10:00;Windsnelheid Lucht t.o.v. Mean Sea Level in m/s;IJmuiden Buitenhaven;;5.10;m/s;;graden;;;
28-5-2023;02:20:00;Windsnelheid Lucht t.o.v. Mean Sea Level in m/s;IJmuiden Buitenhaven;;5.10;m/s;;graden;;;
28-5-2023;02:30:00;Windsnelheid Lucht t.o.v. Mean Sea Level in m/s;IJmuiden Buitenhaven;;5.10;m/s;;graden;;;
28-5-2023;02:40:00;Windsnelheid Lucht t.o.v. Mean Sea Level in m/s;IJmuiden Buitenhaven;;5.10;m/s;;graden;;;
28-5-2023;02:50:00;Windsnelheid Lucht t.o.v. Mean Sea Level in m/s;IJmuiden Buitenhaven;;5.10;m/s;;graden;;;
28-5-2023;03:00:00;Windsnelheid Lucht t.o.v. Mean Sea Level in m/s;IJmuiden Buitenhaven;;5.10;m/s;;graden;;;
28-5-2023;03:10:00;Windsnelheid Lucht t.o.v. Mean Sea Level in m/s;IJmuiden Buitenhaven;;5.00;m/s;;graden;;;
28-5-2023;03:20:00;Windsnelheid Lucht t.o.v. Mean Sea Level in m/s;IJmuiden Buitenhaven;;4.90;m/s;;graden;;;
28-5-2023;03:30:00;Windsnelheid Lucht t.o.v. Mean Sea Level in m/s;IJmuiden Buitenhaven;;4.90;m/s;;graden;;;
28-5-2023;03:40:00;Windsnelheid Lucht t.o.v. Mean Sea Level in m/s;IJmuiden Buitenhaven;;4.80;m/s;;graden;;;
28-5-2023;03:50:00;Windsnelheid Lucht t.o.v. Mean Sea Level in m/s;IJmuiden Buitenhaven;;4.70;m/s;;graden;;;
28-5-2023;04:00:00;Windsnelheid Lucht t.o.v. Mean Sea Level in m/s;IJmuiden Buitenhaven;;4.60;m/s;;graden;;;
28-5-2023;04:10:00;Windsnelheid Lucht t.o.v. Mean Sea Level in m/s;IJmuiden Buitenhaven;;4.60;m/s;;graden;;;
28-5-2023;04:20:00;Windsnelheid Lucht t.o.v. Mean Sea Level in m/s;IJmuiden Buitenhaven;;4.60;m/s;;graden;;;
28-5-2023;04:30:00;Windsnelheid Lucht t.o.v. Mean Sea Level in m/s;IJmuiden Buitenhaven;;4.60;m/s;;graden;;;
28-5-2023;04:40:00;Windsnelheid Lucht t.o.v. Mean Sea Level in m/s;IJmuiden Buitenhaven;;4.60;m/s;;graden;;;
28-5-2023;04:50:00;Windsnelheid Lucht t.o.v. Mean Sea Level in m/s;IJmuiden Buitenhaven;;4.60;m/s;;graden;;;
28-5-2023;05:00:00;Windsnelheid Lucht t.o.v. Mean Sea Level in m/s;IJmuiden Buitenhaven;;4.60;m/s;;graden;;;
28-5-2023;05:10:00;Windsnelheid Lucht t.o.v. Mean Sea Level in m/s;IJmuiden Buitenhaven;;4.60;m/s;;graden;;;
28-5-2023;05:20:00;Windsnelheid Lucht t.o.v. Mean Sea Level in m/s;IJmuiden Buitenhaven;;4.60;m/s;;graden;;;
28-5-2023;05:30:00;Windsnelheid Lucht t.o.v. Mean Sea Level in m/s;IJmuiden Buitenhaven;;4.60;m/s;;graden;;;
28-5-2023;05:40:00;Windsnelheid Lucht t.o.v. Mean Sea Level in m/s;IJmuiden Buitenhaven;;4.60;m/s;;graden;;;
28-5-2023;05:50:00;Windsnelheid Lucht t.o.v. Mean Sea Level in m/s;IJmuiden Buitenhaven;;4.60;m/s;;graden;;;
28-5-2023;06:00:00;Windsnelheid Lucht t.o.v. Mean Sea Level in m/s;IJmuiden Buitenhaven;;4.60;m/s;;graden;;;
28-5-2023;06:10:00;Windsnelheid Lucht t.o.v. Mean Sea Level in m/s;IJmuiden Buitenhaven;;4.60;m/s;;graden;;;
28-5-2023;06:20:00;Windsnelheid Lucht t.o.v. Mean Sea Level in m/s;IJmuiden Buitenhaven;;4.60;m/s;;graden;;;
28-5-2023;06:30:00;Windsnelheid Lucht t.o.v. Mean Sea Level in m/s;IJmuiden Buitenhaven;;4.60;m/s;;graden;;;
28-5-2023;06:40:00;Windsnelheid Lucht t.o.v. Mean Sea Level in m/s;IJmuiden Buitenhaven;;4.60;m/s;;graden;;;
28-5-2023;06:50:00;Windsnelheid Lucht t.o.v. Mean Sea Level in m/s;IJmuiden Buitenhaven;;4.60;m/s;;graden;;;
28-5-2023;07:00:00;Windsnelheid Lucht t.o.v. Mean Sea Level in m/s;IJmuiden Buitenhaven;;4.60;m/s;;graden;;;
28-5-2023;07:10:00;Windsnelheid Lucht t.o.v. Mean Sea Level in m/s;IJmuiden Buitenhaven;;4.60;m/s;;graden;;;
28-5-2023;07:20:00;Windsnelheid Lucht t.o.v. Mean Sea Level in m/s;IJmuiden Buitenhaven;;4.60;m/s;;graden;;;
28-5-2023;07:30:00;Windsnelheid Lucht t.o.v. Mean Sea Level in m/s;IJmuiden Buitenhaven;;4.60;m/s;;graden;;;
28-5-2023;07:40:00;Windsnelheid Lucht t.o.v. Mean Sea Level in m/s;IJmuiden Buitenhaven;;4.60;m/s;;graden;;;
28-5-2023;07:50:00;Windsnelheid Lucht t.o.v. Mean Sea Level in m/s;IJmuiden Buitenhaven;;4.60;m/s;;graden;;;
28-5-2023;08:00:00;Windsnelheid Lucht t.o.v. Mean Sea Level in m/s;IJmuiden Buitenhaven;;4.60;m/s;;graden;;;
28-5-2023;08:10:00;Windsnelheid Lucht t.o.v. Mean Sea Level in m/s;IJmuiden Buitenhaven;;4.60;m/s;;graden;;;
28-5-2023;08:20:00;Windsnelheid Lucht t.o.v. Mean Sea Level in m/s;IJmuiden Buitenhaven;;4.60;m/s;;graden;;;
28-5-2023;08:30:00;Windsnelheid Lucht t.o.v. Mean Sea Level in m/s;IJmuiden Buitenhaven;;4.60;m/s;;graden;;;
28-5-2023;08:40:00;Windsnelheid Lucht t.o.v. Mean Sea Level in m/s;IJmuiden Buitenhaven;;4.60;m/s;;graden;;;
28-5-2023;08:50:00;Windsnelheid Lucht t.o.v. Mean Sea Level in m/s;IJmuiden Buitenhaven;;4.60;m/s;;graden;;;
28-5-2023;09:00:00;Windsnelheid Lucht t.o.v. Mean Sea Level in m/s;IJmuiden Buitenhaven;;4.60;m/s;;graden;;;
28-5-2023;09:10:00;Windsnelheid Lucht t.o.v. Mean Sea Level in m/s;IJmuiden Buitenhaven;;4.70;m/s;;graden;;;
28-5-2023;09:20:00;Windsnelheid Lucht t.o.v. Mean Sea Level in m/s;IJmuiden Buitenhaven;;4.80;m/s;;graden;;;
28-5-2023;09:30:00;Windsnelheid Lucht t.o.v. Mean Sea Level in m/s;IJmuiden Buitenhaven;;4.90;m/s;;graden;;;
28-5-2023;09:40:00;Windsnelheid Lucht t.o.v. Mean Sea Level in m/s;IJmuiden Buitenhaven;;4.90;m/s;;graden;;;
28-5-2023;09:50:00;Windsnelheid Lucht t.o.v. Mean Sea Level in m/s;IJmuiden Buitenhaven;;5.00;m/s;;graden;;;
28-5-2023;10:00:00;Windsnelheid Lucht t.o.v. Mean Sea Level in m/s;IJmuiden Buitenhaven;;5.10;m/s;;graden;;;
28-5-2023;10:10:00;Windsnelheid Lucht t.o.v. Mean Sea Level in m/s;IJmuiden Buitenhaven;;5.10;m/s;;graden;;;
28-5-2023;10:20:00;Windsnelheid Lucht t.o.v. Mean Sea Level in m/s;IJmuiden Buitenhaven;;5.10;m/s;;graden;;;
28-5-2023;10:30:00;Windsnelheid Lucht t.o.v. Mean Sea Level in m/s;IJmuiden Buitenhaven;;5.10;m/s;;graden;;;
28-5-2023;10:40:00;Windsnelheid Lucht t.o.v. Mean Sea Level in m/s;IJmuiden Buitenhaven;;5.10;m/s;;graden;;;
28-5-2023;10:50:00;Windsnelheid Lucht t.o.v. Mean Sea Level in m/s;IJmuiden Buitenhaven;;5.10;m/s;;graden;;;
28-5-2023;11:00:00;Windsnelheid Lucht t.o.v. Mean Sea Level in m/s;IJmuiden Buitenhaven;;5.10;m/s;;graden;;;
28-5-2023;11:10:00;Windsnelheid Lucht t.o.v. Mean Sea Level in m/s;IJmuiden Buitenhaven;;5.20;m/s;;graden;;;
28-5-2023;11:20:00;Windsnelheid Lucht t.o.v. Mean Sea Level in m/s;IJmuiden Buitenhaven;;5.30;m/s;;graden;;;
28-5-2023;11:30:00;Windsnelheid Lucht t.o.v. Mean Sea Level in m/s;IJmuiden Buitenhaven;;5.40;m/s;;graden;;;
28-5-2023;11:40:00;Windsnelheid Lucht t.o.v. Mean Sea Level in m/s;IJmuiden Buitenhaven;;5.50;m/s;;graden;;;
28-5-2023;11:50:00;Windsnelheid Lucht t.o.v. Mean Sea Level in m/s;IJmuiden Buitenhaven;;5.60;m/s;;graden;;;
28-5-2023;12:00:00;Windsnelheid Lucht t.o.v. Mean Sea Level in m/s;IJmuiden Buitenhaven;;5.70;m/s;;graden;;;
28-5-2023;12:10:00;Windsnelheid Lucht t.o.v. Mean Sea Level in m/s;IJmuiden Buitenhaven;;5.80;m/s;;graden;;;
28-5-2023;12:20:00;Windsnelheid Lucht t.o.v. Mean Sea Level in m/s;IJmuiden Buitenhaven;;5.90;m/s;;graden;;;
28-5-2023;12:30:00;Windsnelheid Lucht t.o.v. Mean Sea Level in m/s;IJmuiden Buitenhaven;;6.00;m/s;;graden;;;
28-5-2023;12:40:00;Windsnelheid Lucht t.o.v. Mean Sea Level in m/s;IJmuiden Buitenhaven;;6.00;m/s;;graden;;;
28-5-2023;12:50:00;Windsnelheid Lucht t.o.v. Mean Sea Level in m/s;IJmuiden Buitenhaven;;6.10;m/s;;graden;;;
28-5-2023;13:00:00;Windsnelheid Lucht t.o.v. Mean Sea Level in m/s;IJmuiden Buitenhaven;;6.20;m/s;;graden;;;
28-5-2023;13:10:00;Windsnelheid Lucht t.o.v. Mean Sea Level in m/s;IJmuiden Buitenhaven;;6.30;m/s;;graden;;;
28-5-2023;13:20:00;Windsnelheid Lucht t.o.v. Mean Sea Level in m/s;IJmuiden Buitenhaven;;6.40;m/s;;graden;;;
28-5-2023;13:30:00;Windsnelheid Lucht t.o.v. Mean Sea Level in m/s;IJmuiden Buitenhaven;;6.50;m/s;;graden;;;
28-5-2023;13:40:00;Windsnelheid Lucht t.o.v. Mean Sea Level in m/s;IJmuiden Buitenhaven;;6.50;m/s;;graden;;;
28-5-2023;13:50:00;Windsnelheid Lucht t.o.v. Mean Sea Level in m/s;IJmuiden Buitenhaven;;6.60;m/s;;graden;;;
28-5-2023;14:00:00;Windsnelheid Lucht t.o.v. Mean Sea Level in m/s;IJmuiden Buitenhaven;;6.70;m/s;;graden;;;
28-5-2023;14:10:00;Windsnelheid Lucht t.o.v. Mean Sea Level in m/s;IJmuiden Buitenhaven;;6.80;m/s;;graden;;;
28-5-2023;14:20:00;Windsnelheid Lucht t.o.v. Mean Sea Level in m/s;IJmuiden Buitenhaven;;6.90;m/s;;graden;;;
28-5-2023;14:30:00;Windsnelheid Lucht t.o.v. Mean Sea Level in m/s;IJmuiden Buitenhaven;;7.00;m/s;;graden;;;
28-5-2023;14:40:00;Windsnelheid Lucht t.o.v. Mean Sea Level in m/s;IJmuiden Buitenhaven;;7.00;m/s;;graden;;;
28-5-2023;14:50:00;Windsnelheid Lucht t.o.v. Mean Sea Level in m/s;IJmuiden Buitenhaven;;7.10;m/s;;graden;;;
28-5-2023;15:00:00;Windsnelheid Lucht t.o.v. Mean Sea Level in m/s;IJmuiden Buitenhaven;;7.20;m/s;;graden;;;
28-5-2023;15:10:00;Windsnelheid Lucht t.o.v. Mean Sea Level in m/s;IJmuiden Buitenhaven;;7.30;m/s;;graden;;;
28-5-2023;15:20:00;Windsnelheid Lucht t.o.v. Mean Sea Level in m/s;IJmuiden Buitenhaven;;7.40;m/s;;graden;;;
28-5-2023;15:30:00;Windsnelheid Lucht t.o.v. Mean Sea Level in m/s;IJmuiden Buitenhaven;;7.50;m/s;;graden;;;
28-5-2023;15:40:00;Windsnelheid Lucht t.o.v. Mean Sea Level in m/s;IJmuiden Buitenhaven;;7.50;m/s;;graden;;;
28-5-2023;15:50:00;Windsnelheid Lucht t.o.v. Mean Sea Level in m/s;IJmuiden Buitenhaven;;7.60;m/s;;graden;;;
28-5-2023;16:00:00;Windsnelheid Lucht t.o.v. Mean Sea Level in m/s;IJmuiden Buitenhaven;;7.70;m/s;;graden;;;
28-5-2023;16:10:00;Windsnelheid Lucht t.o.v. Mean Sea Level in m/s;IJmuiden Buitenhaven;;7.70;m/s;;graden;;;
28-5-2023;16:20:00;Windsnelheid Lucht t.o.v. Mean Sea Level in m/s;IJmuiden Buitenhaven;;7.70;m/s;;graden;;;
28-5-2023;16:30:00;Windsnelheid Lucht t.o.v. Mean Sea Level in m/s;IJmuiden Buitenhaven;;7.70;m/s;;graden;;;
28-5-2023;16:40:00;Windsnelheid Lucht t.o.v. Mean Sea Level in m/s;IJmuiden Buitenhaven;;7.70;m/s;;graden;;;
28-5-2023;16:50:00;Windsnelheid Lucht t.o.v. Mean Sea Level in m/s;IJmuiden Buitenhaven;;7.70;m/s;;graden;;;
28-5-2023;17:00:00;Windsnelheid Lucht t.o.v. Mean Sea Level in m/s;IJmuiden Buitenhaven;;7.70;m/s;;graden;;;
28-5-2023;17:10:00;Windsnelheid Lucht t.o.v. Mean Sea Level in m/s;IJmuiden Buitenhaven;;7.80;m/s;;graden;;;
28-5-2023;17:20:00;Windsnelheid Lucht t.o.v. Mean Sea Level in m/s;IJmuiden Buitenhaven;;7.90;m/s;;graden;;;
28-5-2023;17:30:00;Windsnelheid Lucht t.o.v. Mean Sea Level in m/s;IJmuiden Buitenhaven;;8.00;m/s;;graden;;;
28-5-2023;17:40:00;Windsnelheid Lucht t.o.v. Mean Sea Level in m/s;IJmuiden Buitenhaven;;8.00;m/s;;graden;;;
28-5-2023;17:50:00;Windsnelheid Lucht t.o.v. Mean Sea Level in m/s;IJmuiden Buitenhaven;;8.10;m/s;;graden;;;
28-5-2023;18:00:00;Windsnelheid Lucht t.o.v. Mean Sea Level in m/s;IJmuiden Buitenhaven;;8.20;m/s;;graden;;;
28-5-2023;18:10:00;Windsnelheid Lucht t.o.v. Mean Sea Level in m/s;IJmuiden Buitenhaven;;8.20;m/s;;graden;;;
28-5-2023;18:20:00;Windsnelheid Lucht t.o.v. Mean Sea Level in m/s;IJmuiden Buitenhaven;;8.20;m/s;;graden;;;
28-5-2023;18:30:00;Windsnelheid Lucht t.o.v. Mean Sea Level in m/s;IJmuiden Buitenhaven;;8.20;m/s;;graden;;;
28-5-2023;18:40:00;Windsnelheid Lucht t.o.v. Mean Sea Level in m/s;IJmuiden Buitenhaven;;8.20;m/s;;graden;;;
28-5-2023;18:50:00;Windsnelheid Lucht t.o.v. Mean Sea Level in m/s;IJmuiden Buitenhaven;;8.20;m/s;;graden;;;
28-5-2023;19:00:00;Windsnelheid Lucht t.o.v. Mean Sea Level in m/s;IJmuiden Buitenhaven;;8.20;m/s;;graden;;;
28-5-2023;19:10:00;Windsnelheid Lucht t.o.v. Mean Sea Level in m/s;IJmuiden Buitenhaven;;8.20;m/s;;graden;;;
28-5-2023;19:20:00;Windsnelheid Lucht t.o.v. Mean Sea Level in m/s;IJmuiden Buitenhaven;;8.20;m/s;;graden;;;
28-5-2023;19:30:00;Windsnelheid Lucht t.o.v. Mean Sea Level in m/s;IJmuiden Buitenhaven;;8.20;m/s;;graden;;;
28-5-2023;19:40:00;Windsnelheid Lucht t.o.v. Mean Sea Level in m/s;IJmuiden Buitenhaven;;8.20;m/s;;graden;;;
28-5-2023;19:50:00;Windsnelheid Lucht t.o.v. Mean Sea Level in m/s;IJmuiden Buitenhaven;;8.20;m/s;;graden;;;
28-5-2023;20:00:00;Windsnelheid Lucht t.o.v. Mean Sea Level in m/s;IJmuiden Buitenhaven;;8.20;m/s;;graden;;;
28-5-2023;20:10:00;Windsnelheid Lucht t.o.v. Mean Sea Level in m/s;IJmuiden Buitenhaven;;8.30;m/s;;graden;;;
28-5-2023;20:20:00;Windsnelheid Lucht t.o.v. Mean Sea Level in m/s;IJmuiden Buitenhaven;;8.40;m/s;;graden;;;
28-5-2023;20:30:00;Windsnelheid Lucht t.o.v. Mean Sea Level in m/s;IJmuiden Buitenhaven;;8.50;m/s;;graden;;;
28-5-2023;20:40:00;Windsnelheid Lucht t.o.v. Mean Sea Level in m/s;IJmuiden Buitenhaven;;8.60;m/s;;graden;;;
28-5-2023;20:50:00;Windsnelheid Lucht t.o.v. Mean Sea Level in m/s;IJmuiden Buitenhaven;;8.70;m/s;;graden;;;
28-5-2023;21:00:00;Windsnelheid Lucht t.o.v. Mean Sea Level in m/s;IJmuiden Buitenhaven;;8.80;m/s;;graden;;;
28-5-2023;21:10:00;Windsnelheid Lucht t.o.v. Mean Sea Level in m/s;IJmuiden Buitenhaven;;8.80;m/s;;graden;;;
28-5-2023;21:20:00;Windsnelheid Lucht t.o.v. Mean Sea Level in m/s;IJmuiden Buitenhaven;;8.80;m/s;;graden;;;
28-5-2023;21:30:00;Windsnelheid Lucht t.o.v. Mean Sea Level in m/s;IJmuiden Buitenhaven;;8.80;m/s;;graden;;;
28-5-2023;21:40:00;Windsnelheid Lucht t.o.v. Mean Sea Level in m/s;IJmuiden Buitenhaven;;8.80;m/s;;graden;;;
28-5-2023;21:50:00;Windsnelheid Lucht t.o.v. Mean Sea Level in m/s;IJmuiden Buitenhaven;;8.80;m/s;;graden;;;
28-5-2023;22:00:00;Windsnelheid Lucht t.o.v. Mean Sea Level in m/s;IJmuiden Buitenhaven;;8.80;m/s;;graden;;;
28-5-2023;22:10:00;Windsnelheid Lucht t.o.v. Mean Sea Level in m/s;IJmuiden Buitenhaven;;8.90;m/s;;graden;;;
28-5-2023;22:20:00;Windsnelheid Lucht t.o.v. Mean Sea Level in m/s;IJmuiden Buitenhaven;;9.00;m/s;;graden;;;
28-5-2023;22:30:00;Windsnelheid Lucht t.o.v. Mean Sea Level in m/s;IJmuiden Buitenhaven;;9.10;m/s;;graden;;;
28-5-2023;22:40:00;Windsnelheid Lucht t.o.v. Mean Sea Level in m/s;IJmuiden Buitenhaven;;9.10;m/s;;graden;;;
28-5-2023;22:50:00;Windsnelheid Lucht t.o.v. Mean Sea Level in m/s;IJmuiden Buitenhaven;;9.20;m/s;;graden;;;
28-5-2023;23:00:00;Windsnelheid Lucht t.o.v. Mean Sea Level in m/s;IJmuiden Buitenhaven;;9.30;m/s;;graden;;;
28-5-2023;23:10:00;Windsnelheid Lucht t.o.v. Mean Sea Level in m/s;IJmuiden Buitenhaven;;9.20;m/s;;graden;;;
28-5-2023;23:20:00;Windsnelheid Lucht t.o.v. Mean Sea Level in m/s;IJmuiden Buitenhaven;;9.10;m/s;;graden;;;
28-5-2023;23:30:00;Windsnelheid Lucht t.o.v. Mean Sea Level in m/s;IJmuiden Buitenhaven;;9.10;m/s;;graden;;;
28-5-2023;23:40:00;Windsnelheid Lucht t.o.v. Mean Sea Level in m/s;IJmuiden Buitenhaven;;9.00;m/s;;graden;;;
28-5-2023;23:50:00;Windsnelheid Lucht t.o.v. Mean Sea Level in m/s;IJmuiden Buitenhaven;;8.90;m/s;;graden;;;
29-5-2023;00:00:00;Windsnelheid Lucht t.o.v. Mean Sea Level in m/s;IJmuiden Buitenhaven;;8.80;m/s;;graden;;;
29-5-2023;00:10:00;Windsnelheid Lucht t.o.v. Mean Sea Level in m/s;IJmuiden Buitenhaven;;8.70;m/s;;graden;;;
29-5-2023;00:20:00;Windsnelheid Lucht t.o.v. Mean Sea Level in m/s;IJmuiden Buitenhaven;;8.60;m/s;;graden;;;
29-5-2023;00:30:00;Windsnelheid Lucht t.o.v. Mean Sea Level in m/s;IJmuiden Buitenhaven;;8.50;m/s;;graden;;;
29-5-2023;00:40:00;Windsnelheid Lucht t.o.v. Mean Sea Level in m/s;IJmuiden Buitenhaven;;8.40;m/s;;graden;;;
29-5-2023;00:50:00;Windsnelheid Lucht t.o.v. Mean Sea Level in m/s;IJmuiden Buitenhaven;;8.30;m/s;;graden;;;
29-5-2023;01:00:00;Windsnelheid Lucht t.o.v. Mean Sea Level in m/s;IJmuiden Buitenhaven;;8.20;m/s;;graden;;;
29-5-2023;01:10:00;Windsnelheid Lucht t.o.v. Mean Sea Level in m/s;IJmuiden Buitenhaven;;8.10;m/s;;graden;;;
29-5-2023;01:20:00;Windsnelheid Lucht t.o.v. Mean Sea Level in m/s;IJmuiden Buitenhaven;;8.00;m/s;;graden;;;
29-5-2023;01:30:00;Windsnelheid Lucht t.o.v. Mean Sea Level in m/s;IJmuiden Buitenhaven;;8.00;m/s;;graden;;;
29-5-2023;01:40:00;Windsnelheid Lucht t.o.v. Mean Sea Level in m/s;IJmuiden Buitenhaven;;7.90;m/s;;graden;;;
29-5-2023;01:50:00;Windsnelheid Lucht t.o.v. Mean Sea Level in m/s;IJmuiden Buitenhaven;;7.80;m/s;;graden;;;
29-5-2023;02:00:00;Windsnelheid Lucht t.o.v. Mean Sea Level in m/s;IJmuiden Buitenhaven;;7.70;m/s;;graden;;;
29-5-2023;02:10:00;Windsnelheid Lucht t.o.v. Mean Sea Level in m/s;IJmuiden Buitenhaven;;7.70;m/s;;graden;;;
29-5-2023;02:20:00;Windsnelheid Lucht t.o.v. Mean Sea Level in m/s;IJmuiden Buitenhaven;;7.70;m/s;;graden;;;
29-5-2023;02:30:00;Windsnelheid Lucht t.o.v. Mean Sea Level in m/s;IJmuiden Buitenhaven;;7.70;m/s;;graden;;;
29-5-2023;02:40:00;Windsnelheid Lucht t.o.v. Mean Sea Level in m/s;IJmuiden Buitenhaven;;7.70;m/s;;graden;;;
29-5-2023;02:50:00;Windsnelheid Lucht t.o.v. Mean Sea Level in m/s;IJmuiden Buitenhaven;;7.70;m/s;;graden;;;
29-5-2023;03:00:00;Windsnelheid Lucht t.o.v. Mean Sea Level in m/s;IJmuiden Buitenhaven;;7.70;m/s;;graden;;;
29-5-2023;03:10:00;Windsnelheid Lucht t.o.v. Mean Sea Level in m/s;IJmuiden Buitenhaven;;7.60;m/s;;graden;;;
29-5-2023;03:20:00;Windsnelheid Lucht t.o.v. Mean Sea Level in m/s;IJmuiden Buitenhaven;;7.50;m/s;;graden;;;
29-5-2023;03:30:00;Windsnelheid Lucht t.o.v. Mean Sea Level in m/s;IJmuiden Buitenhaven;;7.50;m/s;;graden;;;
29-5-2023;03:40:00;Windsnelheid Lucht t.o.v. Mean Sea Level in m/s;IJmuiden Buitenhaven;;7.40;m/s;;graden;;;
29-5-2023;03:50:00;Windsnelheid Lucht t.o.v. Mean Sea Level in m/s;IJmuiden Buitenhaven;;7.30;m/s;;graden;;;
29-5-2023;04:00:00;Windsnelheid Lucht t.o.v. Mean Sea Level in m/s;IJmuiden Buitenhaven;;7.20;m/s;;graden;;;
29-5-2023;04:10:00;Windsnelheid Lucht t.o.v. Mean Sea Level in m/s;IJmuiden Buitenhaven;;7.20;m/s;;graden;;;
29-5-2023;04:20:00;Windsnelheid Lucht t.o.v. Mean Sea Level in m/s;IJmuiden Buitenhaven;;7.20;m/s;;graden;;;
29-5-2023;04:30:00;Windsnelheid Lucht t.o.v. Mean Sea Level in m/s;IJmuiden Buitenhaven;;7.20;m/s;;graden;;;
29-5-2023;04:40:00;Windsnelheid Lucht t.o.v. Mean Sea Level in m/s;IJmuiden Buitenhaven;;7.20;m/s;;graden;;;
29-5-2023;04:50:00;Windsnelheid Lucht t.o.v. Mean Sea Level in m/s;IJmuiden Buitenhaven;;7.20;m/s;;graden;;;
29-5-2023;05:00:00;Windsnelheid Lucht t.o.v. Mean Sea Level in m/s;IJmuiden Buitenhaven;;7.20;m/s;;graden;;;
29-5-2023;05:10:00;Windsnelheid Lucht t.o.v. Mean Sea Level in m/s;IJmuiden Buitenhaven;;7.20;m/s;;graden;;;
29-5-2023;05:20:00;Windsnelheid Lucht t.o.v. Mean Sea Level in m/s;IJmuiden Buitenhaven;;7.20;m/s;;graden;;;
29-5-2023;05:30:00;Windsnelheid Lucht t.o.v. Mean Sea Level in m/s;IJmuiden Buitenhaven;;7.20;m/s;;graden;;;
29-5-2023;05:40:00;Windsnelheid Lucht t.o.v. Mean Sea Level in m/s;IJmuiden Buitenhaven;;7.20;m/s;;graden;;;
29-5-2023;05:50:00;Windsnelheid Lucht t.o.v. Mean Sea Level in m/s;IJmuiden Buitenhaven;;7.20;m/s;;graden;;;
29-5-2023;06:00:00;Windsnelheid Lucht t.o.v. Mean Sea Level in m/s;IJmuiden Buitenhaven;;7.20;m/s;;graden;;;
29-5-2023;06:10:00;Windsnelheid Lucht t.o.v. Mean Sea Level in m/s;IJmuiden Buitenhaven;;7.20;m/s;;graden;;;
29-5-2023;06:20:00;Windsnelheid Lucht t.o.v. Mean Sea Level in m/s;IJmuiden Buitenhaven;;7.20;m/s;;graden;;;
29-5-2023;06:30:00;Windsnelheid Lucht t.o.v. Mean Sea Level in m/s;IJmuiden Buitenhaven;;7.20;m/s;;graden;;;
29-5-2023;06:40:00;Windsnelheid Lucht t.o.v. Mean Sea Level in m/s;IJmuiden Buitenhaven;;7.20;m/s;;graden;;;
29-5-2023;06:50:00;Windsnelheid Lucht t.o.v. Mean Sea Level in m/s;IJmuiden Buitenhaven;;7.20;m/s;;graden;;;
29-5-2023;07:00:00;Windsnelheid Lucht t.o.v. Mean Sea Level in m/s;IJmuiden Buitenhaven;;7.20;m/s;;graden;;;
29-5-2023;07:10:00;Windsnelheid Lucht t.o.v. Mean Sea Level in m/s;IJmuiden Buitenhaven;;7.20;m/s;;graden;;;
29-5-2023;07:20:00;Windsnelheid Lucht t.o.v. Mean Sea Level in m/s;IJmuiden Buitenhaven;;7.20;m/s;;graden;;;
29-5-2023;07:30:00;Windsnelheid Lucht t.o.v. Mean Sea Level in m/s;IJmuiden Buitenhaven;;7.20;m/s;;graden;;;
29-5-2023;07:40:00;Windsnelheid Lucht t.o.v. Mean Sea Level in m/s;IJmuiden Buitenhaven;;7.20;m/s;;graden;;;
29-5-2023;07:50:00;Windsnelheid Lucht t.o.v. Mean Sea Level in m/s;IJmuiden Buitenhaven;;7.20;m/s;;graden;;;
29-5-2023;08:00:00;Windsnelheid Lucht t.o.v. Mean Sea Level in m/s;IJmuiden Buitenhaven;;7.20;m/s;;graden;;;
29-5-2023;08:10:00;Windsnelheid Lucht t.o.v. Mean Sea Level in m/s;IJmuiden Buitenhaven;;7.20;m/s;;graden;;;
29-5-2023;08:20:00;Windsnelheid Lucht t.o.v. Mean Sea Level in m/s;IJmuiden Buitenhaven;;7.20;m/s;;graden;;;
29-5-2023;08:30:00;Windsnelheid Lucht t.o.v. Mean Sea Level in m/s;IJmuiden Buitenhaven;;7.20;m/s;;graden;;;
29-5-2023;08:40:00;Windsnelheid Lucht t.o.v. Mean Sea Level in m/s;IJmuiden Buitenhaven;;7.20;m/s;;graden;;;
29-5-2023;08:50:00;Windsnelheid Lucht t.o.v. Mean Sea Level in m/s;IJmuiden Buitenhaven;;7.20;m/s;;graden;;;
29-5-2023;09:00:00;Windsnelheid Lucht t.o.v. Mean Sea Level in m/s;IJmuiden Buitenhaven;;7.20;m/s;;graden;;;
29-5-2023;09:10:00;Windsnelheid Lucht t.o.v. Mean Sea Level in m/s;IJmuiden Buitenhaven;;7.20;m/s;;graden;;;
29-5-2023;09:20:00;Windsnelheid Lucht t.o.v. Mean Sea Level in m/s;IJmuiden Buitenhaven;;7.20;m/s;;graden;;;
29-5-2023;09:30:00;Windsnelheid Lucht t.o.v. Mean Sea Level in m/s;IJmuiden Buitenhaven;;7.20;m/s;;graden;;;
29-5-2023;09:40:00;Windsnelheid Lucht t.o.v. Mean Sea Level in m/s;IJmuiden Buitenhaven;;7.20;m/s;;graden;;;
29-5-2023;09:50:00;Windsnelheid Lucht t.o.v. Mean Sea Level in m/s;IJmuiden Buitenhaven;;7.20;m/s;;graden;;;
29-5-2023;10:00:00;Windsnelheid Lucht t.o.v. Mean Sea Level in m/s;IJmuiden Buitenhaven;;7.20;m/s;;graden;;;
29-5-2023;10:10:00;Windsnelheid Lucht t.o.v. Mean Sea Level in m/s;IJmuiden Buitenhaven;;7.20;m/s;;graden;;;
29-5-2023;10:20:00;Windsnelheid Lucht t.o.v. Mean Sea Level in m/s;IJmuiden Buitenhaven;;7.20;m/s;;graden;;;
29-5-2023;10:30:00;Windsnelheid Lucht t.o.v. Mean Sea Level in m/s;IJmuiden Buitenhaven;;7.20;m/s;;graden;;;
29-5-2023;10:40:00;Windsnelheid Lucht t.o.v. Mean Sea Level in m/s;IJmuiden Buitenhaven;;7.20;m/s;;graden;;;
29-5-2023;10:50:00;Windsnelheid Lucht t.o.v. Mean Sea Level in m/s;IJmuiden Buitenhaven;;7.20;m/s;;graden;;;
29-5-2023;11:00:00;Windsnelheid Lucht t.o.v. Mean Sea Level in m/s;IJmuiden Buitenhaven;;7.20;m/s;;graden;;;
29-5-2023;11:10:00;Windsnelheid Lucht t.o.v. Mean Sea Level in m/s;IJmuiden Buitenhaven;;7.20;m/s;;graden;;;
29-5-2023;11:20:00;Windsnelheid Lucht t.o.v. Mean Sea Level in m/s;IJmuiden Buitenhaven;;7.20;m/s;;graden;;;
29-5-2023;11:30:00;Windsnelheid Lucht t.o.v. Mean Sea Level in m/s;IJmuiden Buitenhaven;;7.20;m/s;;graden;;;
29-5-2023;11:40:00;Windsnelheid Lucht t.o.v. Mean Sea Level in m/s;IJmuiden Buitenhaven;;7.20;m/s;;graden;;;
29-5-2023;11:50:00;Windsnelheid Lucht t.o.v. Mean Sea Level in m/s;IJmuiden Buitenhaven;;7.20;m/s;;graden;;;
29-5-2023;12:00:00;Windsnelheid Lucht t.o.v. Mean Sea Level in m/s;IJmuiden Buitenhaven;;7.20;m/s;;graden;;;
29-5-2023;12:10:00;Windsnelheid Lucht t.o.v. Mean Sea Level in m/s;IJmuiden Buitenhaven;;7.20;m/s;;graden;;;
29-5-2023;12:20:00;Windsnelheid Lucht t.o.v. Mean Sea Level in m/s;IJmuiden Buitenhaven;;7.20;m/s;;graden;;;
29-5-2023;12:30:00;Windsnelheid Lucht t.o.v. Mean Sea Level in m/s;IJmuiden Buitenhaven;;7.20;m/s;;graden;;;
29-5-2023;12:40:00;Windsnelheid Lucht t.o.v. Mean Sea Level in m/s;IJmuiden Buitenhaven;;7.20;m/s;;graden;;;
29-5-2023;12:50:00;Windsnelheid Lucht t.o.v. Mean Sea Level in m/s;IJmuiden Buitenhaven;;7.20;m/s;;graden;;;
29-5-2023;13:00:00;Windsnelheid Lucht t.o.v. Mean Sea Level in m/s;IJmuiden Buitenhaven;;7.20;m/s;;graden;;;
29-5-2023;13:10:00;Windsnelheid Lucht t.o.v. Mean Sea Level in m/s;IJmuiden Buitenhaven;;7.30;m/s;;graden;;;
29-5-2023;13:20:00;Windsnelheid Lucht t.o.v. Mean Sea Level in m/s;IJmuiden Buitenhaven;;7.40;m/s;;graden;;;
29-5-2023;13:30:00;Windsnelheid Lucht t.o.v. Mean Sea Level in m/s;IJmuiden Buitenhaven;;7.50;m/s;;graden;;;
29-5-2023;13:40:00;Windsnelheid Lucht t.o.v. Mean Sea Level in m/s;IJmuiden Buitenhaven;;7.50;m/s;;graden;;;
29-5-2023;13:50:00;Windsnelheid Lucht t.o.v. Mean Sea Level in m/s;IJmuiden Buitenhaven;;7.60;m/s;;graden;;;
29-5-2023;14:00:00;Windsnelheid Lucht t.o.v. Mean Sea Level in m/s;IJmuiden Buitenhaven;;7.70;m/s;;graden;;;
29-5-2023;14:10:00;Windsnelheid Lucht t.o.v. Mean Sea Level in m/s;IJmuiden Buitenhaven;;7.70;m/s;;graden;;;
29-5-2023;14:20:00;Windsnelheid Lucht t.o.v. Mean Sea Level in m/s;IJmuiden Buitenhaven;;7.70;m/s;;graden;;;
29-5-2023;14:30:00;Windsnelheid Lucht t.o.v. Mean Sea Level in m/s;IJmuiden Buitenhaven;;7.80;m/s;;graden;;;
29-5-2023;14:40:00;Windsnelheid Lucht t.o.v. Mean Sea Level in m/s;IJmuiden Buitenhaven;;7.80;m/s;;graden;;;
29-5-2023;14:50:00;Windsnelheid Lucht t.o.v. Mean Sea Level in m/s;IJmuiden Buitenhaven;;7.90;m/s;;graden;;;
29-5-2023;15:00:00;Windsnelheid Lucht t.o.v. Mean Sea Level in m/s;IJmuiden Buitenhaven;;7.90;m/s;;graden;;;
29-5-2023;15:10:00;Windsnelheid Lucht t.o.v. Mean Sea Level in m/s;IJmuiden Buitenhaven;;8.00;m/s;;graden;;;
29-5-2023;15:20:00;Windsnelheid Lucht t.o.v. Mean Sea Level in m/s;IJmuiden Buitenhaven;;8.10;m/s;;graden;;;
29-5-2023;15:30:00;Windsnelheid Lucht t.o.v. Mean Sea Level in m/s;IJmuiden Buitenhaven;;8.30;m/s;;graden;;;
29-5-2023;15:40:00;Windsnelheid Lucht t.o.v. Mean Sea Level in m/s;IJmuiden Buitenhaven;;8.40;m/s;;graden;;;
29-5-2023;15:50:00;Windsnelheid Lucht t.o.v. Mean Sea Level in m/s;IJmuiden Buitenhaven;;8.50;m/s;;graden;;;
29-5-2023;16:00:00;Windsnelheid Lucht t.o.v. Mean Sea Level in m/s;IJmuiden Buitenhaven;;8.50;m/s;;graden;;;
29-5-2023;16:10:00;Windsnelheid Lucht t.o.v. Mean Sea Level in m/s;IJmuiden Buitenhaven;;8.60;m/s;;graden;;;
29-5-2023;16:20:00;Windsnelheid Lucht t.o.v. Mean Sea Level in m/s;IJmuiden Buitenhaven;;8.60;m/s;;graden;;;
29-5-2023;16:30:00;Windsnelheid Lucht t.o.v. Mean Sea Level in m/s;IJmuiden Buitenhaven;;8.70;m/s;;graden;;;
29-5-2023;16:40:00;Windsnelheid Lucht t.o.v. Mean Sea Level in m/s;IJmuiden Buitenhaven;;8.70;m/s;;graden;;;
29-5-2023;16:50:00;Windsnelheid Lucht t.o.v. Mean Sea Level in m/s;IJmuiden Buitenhaven;;8.70;m/s;;graden;;;
29-5-2023;17:00:00;Windsnelheid Lucht t.o.v. Mean Sea Level in m/s;IJmuiden Buitenhaven;;8.70;m/s;;graden;;;
29-5-2023;17:10:00;Windsnelheid Lucht t.o.v. Mean Sea Level in m/s;IJmuiden Buitenhaven;;8.70;m/s;;graden;;;
29-5-2023;17:20:00;Windsnelheid Lucht t.o.v. Mean Sea Level in m/s;IJmuiden Buitenhaven;;8.70;m/s;;graden;;;
29-5-2023;17:30:00;Windsnelheid Lucht t.o.v. Mean Sea Level in m/s;IJmuiden Buitenhaven;;8.80;m/s;;graden;;;
29-5-2023;17:40:00;Windsnelheid Lucht t.o.v. Mean Sea Level in m/s;IJmuiden Buitenhaven;;8.90;m/s;;graden;;;
29-5-2023;17:50:00;Windsnelheid Lucht t.o.v. Mean Sea Level in m/s;IJmuiden Buitenhaven;;8.90;m/s;;graden;;;
29-5-2023;18:00:00;Windsnelheid Lucht t.o.v. Mean Sea Level in m/s;IJmuiden Buitenhaven;;8.90;m/s;;graden;;;
29-5-2023;18:10:00;Windsnelheid Lucht t.o.v. Mean Sea Level in m/s;IJmuiden Buitenhaven;;8.90;m/s;;graden;;;
29-5-2023;18:20:00;Windsnelheid Lucht t.o.v. Mean Sea Level in m/s;IJmuiden Buitenhaven;;8.90;m/s;;graden;;;
29-5-2023;18:30:00;Windsnelheid Lucht t.o.v. Mean Sea Level in m/s;IJmuiden Buitenhaven;;9.00;m/s;;graden;;;
29-5-2023;18:40:00;Windsnelheid Lucht t.o.v. Mean Sea Level in m/s;IJmuiden Buitenhaven;;9.00;m/s;;graden;;;
29-5-2023;18:50:00;Windsnelheid Lucht t.o.v. Mean Sea Level in m/s;IJmuiden Buitenhaven;;9.10;m/s;;graden;;;
29-5-2023;19:00:00;Windsnelheid Lucht t.o.v. Mean Sea Level in m/s;IJmuiden Buitenhaven;;9.10;m/s;;graden;;;
29-5-2023;19:10:00;Windsnelheid Lucht t.o.v. Mean Sea Level in m/s;IJmuiden Buitenhaven;;9.10;m/s;;graden;;;
29-5-2023;19:20:00;Windsnelheid Lucht t.o.v. Mean Sea Level in m/s;IJmuiden Buitenhaven;;9.20;m/s;;graden;;;
29-5-2023;19:30:00;Windsnelheid Lucht t.o.v. Mean Sea Level in m/s;IJmuiden Buitenhaven;;9.30;m/s;;graden;;;
29-5-2023;19:40:00;Windsnelheid Lucht t.o.v. Mean Sea Level in m/s;IJmuiden Buitenhaven;;9.40;m/s;;graden;;;
29-5-2023;19:50:00;Windsnelheid Lucht t.o.v. Mean Sea Level in m/s;IJmuiden Buitenhaven;;9.40;m/s;;graden;;;
29-5-2023;20:00:00;Windsnelheid Lucht t.o.v. Mean Sea Level in m/s;IJmuiden Buitenhaven;;9.50;m/s;;graden;;;
29-5-2023;20:10:00;Windsnelheid Lucht t.o.v. Mean Sea Level in m/s;IJmuiden Buitenhaven;;9.50;m/s;;graden;;;
29-5-2023;20:20:00;Windsnelheid Lucht t.o.v. Mean Sea Level in m/s;IJmuiden Buitenhaven;;9.50;m/s;;graden;;;
29-5-2023;20:30:00;Windsnelheid Lucht t.o.v. Mean Sea Level in m/s;IJmuiden Buitenhaven;;9.50;m/s;;graden;;;
29-5-2023;20:40:00;Windsnelheid Lucht t.o.v. Mean Sea Level in m/s;IJmuiden Buitenhaven;;9.50;m/s;;graden;;;
29-5-2023;20:50:00;Windsnelheid Lucht t.o.v. Mean Sea Level in m/s;IJmuiden Buitenhaven;;9.50;m/s;;graden;;;
29-5-2023;21:00:00;Windsnelheid Lucht t.o.v. Mean Sea Level in m/s;IJmuiden Buitenhaven;;9.50;m/s;;graden;;;
29-5-2023;21:10:00;Windsnelheid Lucht t.o.v. Mean Sea Level in m/s;IJmuiden Buitenhaven;;9.40;m/s;;graden;;;
29-5-2023;21:20:00;Windsnelheid Lucht t.o.v. Mean Sea Level in m/s;IJmuiden Buitenhaven;;9.30;m/s;;graden;;;
